dataset,Metric,experiment_name,partition name,backbone,decoder,batch_size_selection,early_stop_patience,n_trials,Seed,data_percentages,batch_size,weight_decay,lr,test metric
chesapeake,Multiclass_Jaccard_Index,early_stopping_50_data_100_perc_ssl4eos12_resnet50_sentinel2_all_decur_smp_unet,1.00x train,ssl4eos12_resnet50_sentinel2_all_decur,smp_Unet,optimized,50,16,4074,100%,8,0.376311714631646,8.49502710213644e-05,0.6672176122665405
chesapeake,Multiclass_Jaccard_Index,early_stopping_50_data_100_perc_ssl4eos12_resnet50_sentinel2_all_decur_smp_unet,1.00x train,ssl4eos12_resnet50_sentinel2_all_decur,smp_Unet,optimized,50,16,1897,100%,8,0.376311714631646,8.49502710213644e-05,0.6660189628601074
chesapeake,Multiclass_Jaccard_Index,early_stopping_50_data_100_perc_ssl4eos12_resnet50_sentinel2_all_decur_smp_unet,1.00x train,ssl4eos12_resnet50_sentinel2_all_decur,smp_Unet,optimized,50,16,1270,100%,8,0.376311714631646,8.49502710213644e-05,0.6640214920043945
chesapeake,Multiclass_Jaccard_Index,early_stopping_50_data_100_perc_ssl4eos12_resnet50_sentinel2_all_decur_smp_unet,1.00x train,ssl4eos12_resnet50_sentinel2_all_decur,smp_Unet,optimized,50,16,3768,100%,8,0.376311714631646,8.49502710213644e-05,0.6960753202438354
chesapeake,Multiclass_Jaccard_Index,early_stopping_50_data_100_perc_ssl4eos12_resnet50_sentinel2_all_decur_smp_unet,1.00x train,ssl4eos12_resnet50_sentinel2_all_decur,smp_Unet,optimized,50,16,3401,100%,8,0.376311714631646,8.49502710213644e-05,0.6873977184295654
chesapeake,Multiclass_Jaccard_Index,early_stopping_50_data_100_perc_ssl4eos12_resnet50_sentinel2_all_decur_smp_unet,1.00x train,ssl4eos12_resnet50_sentinel2_all_decur,smp_Unet,optimized,50,16,3224,100%,8,0.376311714631646,8.49502710213644e-05,0.6798655986785889
chesapeake,Multiclass_Jaccard_Index,early_stopping_50_data_100_perc_ssl4eos12_resnet50_sentinel2_all_decur_smp_unet,1.00x train,ssl4eos12_resnet50_sentinel2_all_decur,smp_Unet,optimized,50,16,2874,100%,8,0.376311714631646,8.49502710213644e-05,0.651594340801239
chesapeake,Multiclass_Jaccard_Index,early_stopping_50_data_100_perc_ssl4eos12_resnet50_sentinel2_all_decur_smp_unet,1.00x train,ssl4eos12_resnet50_sentinel2_all_decur,smp_Unet,optimized,50,16,3985,100%,8,0.376311714631646,8.49502710213644e-05,0.6867294311523438
chesapeake,Multiclass_Jaccard_Index,early_stopping_50_data_100_perc_ssl4eos12_resnet50_sentinel2_all_decur_smp_unet,1.00x train,ssl4eos12_resnet50_sentinel2_all_decur,smp_Unet,optimized,50,16,4143,100%,8,0.376311714631646,8.49502710213644e-05,0.665279746055603
chesapeake,Multiclass_Jaccard_Index,early_stopping_50_data_100_perc_ssl4eos12_resnet50_sentinel2_all_decur_smp_unet,1.00x train,ssl4eos12_resnet50_sentinel2_all_decur,smp_Unet,optimized,50,16,52,100%,8,0.376311714631646,8.49502710213644e-05,0.6851502656936646
sa_crop_type,Multiclass_Jaccard_Index,early_stopping_50_data_100_perc_ssl4eos12_resnet50_sentinel2_all_decur_smp_unet,1.00x train,ssl4eos12_resnet50_sentinel2_all_decur,smp_Unet,optimized,50,16,1448,100%,32,0.0028238171171985,0.0009324538851647,0.3234341442584991
sa_crop_type,Multiclass_Jaccard_Index,early_stopping_50_data_100_perc_ssl4eos12_resnet50_sentinel2_all_decur_smp_unet,1.00x train,ssl4eos12_resnet50_sentinel2_all_decur,smp_Unet,optimized,50,16,584,100%,32,0.0028238171171985,0.0009324538851647,0.3291504979133606
sa_crop_type,Multiclass_Jaccard_Index,early_stopping_50_data_100_perc_ssl4eos12_resnet50_sentinel2_all_decur_smp_unet,1.00x train,ssl4eos12_resnet50_sentinel2_all_decur,smp_Unet,optimized,50,16,1031,100%,32,0.0028238171171985,0.0009324538851647,0.3228558301925659
sa_crop_type,Multiclass_Jaccard_Index,early_stopping_50_data_100_perc_ssl4eos12_resnet50_sentinel2_all_decur_smp_unet,1.00x train,ssl4eos12_resnet50_sentinel2_all_decur,smp_Unet,optimized,50,16,2751,100%,32,0.0028238171171985,0.0009324538851647,0.3260976672172546
sa_crop_type,Multiclass_Jaccard_Index,early_stopping_50_data_100_perc_ssl4eos12_resnet50_sentinel2_all_decur_smp_unet,1.00x train,ssl4eos12_resnet50_sentinel2_all_decur,smp_Unet,optimized,50,16,3898,100%,32,0.0028238171171985,0.0009324538851647,0.3153356313705444
sa_crop_type,Multiclass_Jaccard_Index,early_stopping_50_data_100_perc_ssl4eos12_resnet50_sentinel2_all_decur_smp_unet,1.00x train,ssl4eos12_resnet50_sentinel2_all_decur,smp_Unet,optimized,50,16,1970,100%,32,0.0028238171171985,0.0009324538851647,0.3248571753501892
sa_crop_type,Multiclass_Jaccard_Index,early_stopping_50_data_100_perc_ssl4eos12_resnet50_sentinel2_all_decur_smp_unet,1.00x train,ssl4eos12_resnet50_sentinel2_all_decur,smp_Unet,optimized,50,16,96,100%,32,0.0028238171171985,0.0009324538851647,0.3324618935585022
sa_crop_type,Multiclass_Jaccard_Index,early_stopping_50_data_100_perc_ssl4eos12_resnet50_sentinel2_all_decur_smp_unet,1.00x train,ssl4eos12_resnet50_sentinel2_all_decur,smp_Unet,optimized,50,16,2531,100%,32,0.0028238171171985,0.0009324538851647,0.3320326507091522
sa_crop_type,Multiclass_Jaccard_Index,early_stopping_50_data_100_perc_ssl4eos12_resnet50_sentinel2_all_decur_smp_unet,1.00x train,ssl4eos12_resnet50_sentinel2_all_decur,smp_Unet,optimized,50,16,2268,100%,32,0.0028238171171985,0.0009324538851647,0.315716028213501
sa_crop_type,Multiclass_Jaccard_Index,early_stopping_50_data_100_perc_ssl4eos12_resnet50_sentinel2_all_decur_smp_unet,1.00x train,ssl4eos12_resnet50_sentinel2_all_decur,smp_Unet,optimized,50,16,3222,100%,32,0.0028238171171985,0.0009324538851647,0.3328837752342224
pv4ger_seg,Multiclass_Jaccard_Index,early_stopping_50_data_100_perc_ssl4eos12_resnet50_sentinel2_all_decur_smp_unet,1.00x train,ssl4eos12_resnet50_sentinel2_all_decur,smp_Unet,optimized,50,16,199,100%,8,0.0635019082538137,0.0001077432627767,0.933402419090271
pv4ger_seg,Multiclass_Jaccard_Index,early_stopping_50_data_100_perc_ssl4eos12_resnet50_sentinel2_all_decur_smp_unet,1.00x train,ssl4eos12_resnet50_sentinel2_all_decur,smp_Unet,optimized,50,16,4121,100%,8,0.0635019082538137,0.0001077432627767,0.9397921562194824
pv4ger_seg,Multiclass_Jaccard_Index,early_stopping_50_data_100_perc_ssl4eos12_resnet50_sentinel2_all_decur_smp_unet,1.00x train,ssl4eos12_resnet50_sentinel2_all_decur,smp_Unet,optimized,50,16,2249,100%,8,0.0635019082538137,0.0001077432627767,0.9408209323883056
pv4ger_seg,Multiclass_Jaccard_Index,early_stopping_50_data_100_perc_ssl4eos12_resnet50_sentinel2_all_decur_smp_unet,1.00x train,ssl4eos12_resnet50_sentinel2_all_decur,smp_Unet,optimized,50,16,3809,100%,8,0.0635019082538137,0.0001077432627767,0.938472330570221
pv4ger_seg,Multiclass_Jaccard_Index,early_stopping_50_data_100_perc_ssl4eos12_resnet50_sentinel2_all_decur_smp_unet,1.00x train,ssl4eos12_resnet50_sentinel2_all_decur,smp_Unet,optimized,50,16,85,100%,8,0.0635019082538137,0.0001077432627767,0.939550518989563
pv4ger_seg,Multiclass_Jaccard_Index,early_stopping_50_data_100_perc_ssl4eos12_resnet50_sentinel2_all_decur_smp_unet,1.00x train,ssl4eos12_resnet50_sentinel2_all_decur,smp_Unet,optimized,50,16,780,100%,8,0.0635019082538137,0.0001077432627767,0.939792811870575
pv4ger_seg,Multiclass_Jaccard_Index,early_stopping_50_data_100_perc_ssl4eos12_resnet50_sentinel2_all_decur_smp_unet,1.00x train,ssl4eos12_resnet50_sentinel2_all_decur,smp_Unet,optimized,50,16,1094,100%,8,0.0635019082538137,0.0001077432627767,0.9387277364730836
pv4ger_seg,Multiclass_Jaccard_Index,early_stopping_50_data_100_perc_ssl4eos12_resnet50_sentinel2_all_decur_smp_unet,1.00x train,ssl4eos12_resnet50_sentinel2_all_decur,smp_Unet,optimized,50,16,2316,100%,8,0.0635019082538137,0.0001077432627767,0.938027560710907
pv4ger_seg,Multiclass_Jaccard_Index,early_stopping_50_data_100_perc_ssl4eos12_resnet50_sentinel2_all_decur_smp_unet,1.00x train,ssl4eos12_resnet50_sentinel2_all_decur,smp_Unet,optimized,50,16,2244,100%,8,0.0635019082538137,0.0001077432627767,0.935537576675415
pv4ger_seg,Multiclass_Jaccard_Index,early_stopping_50_data_100_perc_ssl4eos12_resnet50_sentinel2_all_decur_smp_unet,1.00x train,ssl4eos12_resnet50_sentinel2_all_decur,smp_Unet,optimized,50,16,1350,100%,8,0.0635019082538137,0.0001077432627767,0.9421088695526124
cashew,Multiclass_Jaccard_Index,early_stopping_50_data_100_perc_ssl4eos12_resnet50_sentinel2_all_decur_smp_unet,1.00x train,ssl4eos12_resnet50_sentinel2_all_decur,smp_Unet,optimized,50,16,1511,100%,8,0.1162518746995334,0.0009977774835077,0.9161623120307922
cashew,Multiclass_Jaccard_Index,early_stopping_50_data_100_perc_ssl4eos12_resnet50_sentinel2_all_decur_smp_unet,1.00x train,ssl4eos12_resnet50_sentinel2_all_decur,smp_Unet,optimized,50,16,2020,100%,8,0.1162518746995334,0.0009977774835077,0.7651582956314087
cashew,Multiclass_Jaccard_Index,early_stopping_50_data_100_perc_ssl4eos12_resnet50_sentinel2_all_decur_smp_unet,1.00x train,ssl4eos12_resnet50_sentinel2_all_decur,smp_Unet,optimized,50,16,2860,100%,8,0.1162518746995334,0.0009977774835077,0.7665423154830933
cashew,Multiclass_Jaccard_Index,early_stopping_50_data_100_perc_ssl4eos12_resnet50_sentinel2_all_decur_smp_unet,1.00x train,ssl4eos12_resnet50_sentinel2_all_decur,smp_Unet,optimized,50,16,3835,100%,8,0.1162518746995334,0.0009977774835077,0.9021945595741272
cashew,Multiclass_Jaccard_Index,early_stopping_50_data_100_perc_ssl4eos12_resnet50_sentinel2_all_decur_smp_unet,1.00x train,ssl4eos12_resnet50_sentinel2_all_decur,smp_Unet,optimized,50,16,1192,100%,8,0.1162518746995334,0.0009977774835077,0.9094558954238892
cashew,Multiclass_Jaccard_Index,early_stopping_50_data_100_perc_ssl4eos12_resnet50_sentinel2_all_decur_smp_unet,1.00x train,ssl4eos12_resnet50_sentinel2_all_decur,smp_Unet,optimized,50,16,2281,100%,8,0.1162518746995334,0.0009977774835077,0.890521228313446
cashew,Multiclass_Jaccard_Index,early_stopping_50_data_100_perc_ssl4eos12_resnet50_sentinel2_all_decur_smp_unet,1.00x train,ssl4eos12_resnet50_sentinel2_all_decur,smp_Unet,optimized,50,16,1968,100%,8,0.1162518746995334,0.0009977774835077,0.7655184268951416
cashew,Multiclass_Jaccard_Index,early_stopping_50_data_100_perc_ssl4eos12_resnet50_sentinel2_all_decur_smp_unet,1.00x train,ssl4eos12_resnet50_sentinel2_all_decur,smp_Unet,optimized,50,16,218,100%,8,0.1162518746995334,0.0009977774835077,0.7658498883247375
cashew,Multiclass_Jaccard_Index,early_stopping_50_data_100_perc_ssl4eos12_resnet50_sentinel2_all_decur_smp_unet,1.00x train,ssl4eos12_resnet50_sentinel2_all_decur,smp_Unet,optimized,50,16,2115,100%,8,0.1162518746995334,0.0009977774835077,0.8599324226379395
cashew,Multiclass_Jaccard_Index,early_stopping_50_data_100_perc_ssl4eos12_resnet50_sentinel2_all_decur_smp_unet,1.00x train,ssl4eos12_resnet50_sentinel2_all_decur,smp_Unet,optimized,50,16,3423,100%,8,0.1162518746995334,0.0009977774835077,0.9091439843177797
neontree,Multiclass_Jaccard_Index,early_stopping_50_data_100_perc_ssl4eos12_resnet50_sentinel2_all_decur_smp_unet,1.00x train,ssl4eos12_resnet50_sentinel2_all_decur,smp_Unet,optimized,50,16,2509,100%,8,0.0983399202983907,0.0009153563094797,0.5734111666679382
neontree,Multiclass_Jaccard_Index,early_stopping_50_data_100_perc_ssl4eos12_resnet50_sentinel2_all_decur_smp_unet,1.00x train,ssl4eos12_resnet50_sentinel2_all_decur,smp_Unet,optimized,50,16,3987,100%,8,0.0983399202983907,0.0009153563094797,0.559952974319458
neontree,Multiclass_Jaccard_Index,early_stopping_50_data_100_perc_ssl4eos12_resnet50_sentinel2_all_decur_smp_unet,1.00x train,ssl4eos12_resnet50_sentinel2_all_decur,smp_Unet,optimized,50,16,3921,100%,8,0.0983399202983907,0.0009153563094797,0.5713885426521301
neontree,Multiclass_Jaccard_Index,early_stopping_50_data_100_perc_ssl4eos12_resnet50_sentinel2_all_decur_smp_unet,1.00x train,ssl4eos12_resnet50_sentinel2_all_decur,smp_Unet,optimized,50,16,47,100%,8,0.0983399202983907,0.0009153563094797,0.5674113631248474
neontree,Multiclass_Jaccard_Index,early_stopping_50_data_100_perc_ssl4eos12_resnet50_sentinel2_all_decur_smp_unet,1.00x train,ssl4eos12_resnet50_sentinel2_all_decur,smp_Unet,optimized,50,16,585,100%,8,0.0983399202983907,0.0009153563094797,0.5748375654220581
neontree,Multiclass_Jaccard_Index,early_stopping_50_data_100_perc_ssl4eos12_resnet50_sentinel2_all_decur_smp_unet,1.00x train,ssl4eos12_resnet50_sentinel2_all_decur,smp_Unet,optimized,50,16,2217,100%,8,0.0983399202983907,0.0009153563094797,0.570099949836731
neontree,Multiclass_Jaccard_Index,early_stopping_50_data_100_perc_ssl4eos12_resnet50_sentinel2_all_decur_smp_unet,1.00x train,ssl4eos12_resnet50_sentinel2_all_decur,smp_Unet,optimized,50,16,288,100%,8,0.0983399202983907,0.0009153563094797,0.5726335048675537
neontree,Multiclass_Jaccard_Index,early_stopping_50_data_100_perc_ssl4eos12_resnet50_sentinel2_all_decur_smp_unet,1.00x train,ssl4eos12_resnet50_sentinel2_all_decur,smp_Unet,optimized,50,16,4135,100%,8,0.0983399202983907,0.0009153563094797,0.5661790370941162
neontree,Multiclass_Jaccard_Index,early_stopping_50_data_100_perc_ssl4eos12_resnet50_sentinel2_all_decur_smp_unet,1.00x train,ssl4eos12_resnet50_sentinel2_all_decur,smp_Unet,optimized,50,16,3220,100%,8,0.0983399202983907,0.0009153563094797,0.5695707201957703
neontree,Multiclass_Jaccard_Index,early_stopping_50_data_100_perc_ssl4eos12_resnet50_sentinel2_all_decur_smp_unet,1.00x train,ssl4eos12_resnet50_sentinel2_all_decur,smp_Unet,optimized,50,16,1504,100%,8,0.0983399202983907,0.0009153563094797,0.5611818432807922
nz_cattle,Multiclass_Jaccard_Index,early_stopping_50_data_100_perc_ssl4eos12_resnet50_sentinel2_all_decur_smp_unet,1.00x train,ssl4eos12_resnet50_sentinel2_all_decur,smp_Unet,optimized,50,16,515,100%,16,0.2992355570741097,0.0005669541997516,0.8232710361480713
nz_cattle,Multiclass_Jaccard_Index,early_stopping_50_data_100_perc_ssl4eos12_resnet50_sentinel2_all_decur_smp_unet,1.00x train,ssl4eos12_resnet50_sentinel2_all_decur,smp_Unet,optimized,50,16,1577,100%,16,0.2992355570741097,0.0005669541997516,0.8244178295135498
nz_cattle,Multiclass_Jaccard_Index,early_stopping_50_data_100_perc_ssl4eos12_resnet50_sentinel2_all_decur_smp_unet,1.00x train,ssl4eos12_resnet50_sentinel2_all_decur,smp_Unet,optimized,50,16,2509,100%,16,0.2992355570741097,0.0005669541997516,0.8250547647476196
nz_cattle,Multiclass_Jaccard_Index,early_stopping_50_data_100_perc_ssl4eos12_resnet50_sentinel2_all_decur_smp_unet,1.00x train,ssl4eos12_resnet50_sentinel2_all_decur,smp_Unet,optimized,50,16,1281,100%,16,0.2992355570741097,0.0005669541997516,0.8269679546356201
nz_cattle,Multiclass_Jaccard_Index,early_stopping_50_data_100_perc_ssl4eos12_resnet50_sentinel2_all_decur_smp_unet,1.00x train,ssl4eos12_resnet50_sentinel2_all_decur,smp_Unet,optimized,50,16,2456,100%,16,0.2992355570741097,0.0005669541997516,0.8278542160987854
nz_cattle,Multiclass_Jaccard_Index,early_stopping_50_data_100_perc_ssl4eos12_resnet50_sentinel2_all_decur_smp_unet,1.00x train,ssl4eos12_resnet50_sentinel2_all_decur,smp_Unet,optimized,50,16,2575,100%,16,0.2992355570741097,0.0005669541997516,0.8266293406486511
nz_cattle,Multiclass_Jaccard_Index,early_stopping_50_data_100_perc_ssl4eos12_resnet50_sentinel2_all_decur_smp_unet,1.00x train,ssl4eos12_resnet50_sentinel2_all_decur,smp_Unet,optimized,50,16,4495,100%,16,0.2992355570741097,0.0005669541997516,0.8163466453552246
nz_cattle,Multiclass_Jaccard_Index,early_stopping_50_data_100_perc_ssl4eos12_resnet50_sentinel2_all_decur_smp_unet,1.00x train,ssl4eos12_resnet50_sentinel2_all_decur,smp_Unet,optimized,50,16,3347,100%,16,0.2992355570741097,0.0005669541997516,0.8090845346450806
nz_cattle,Multiclass_Jaccard_Index,early_stopping_50_data_100_perc_ssl4eos12_resnet50_sentinel2_all_decur_smp_unet,1.00x train,ssl4eos12_resnet50_sentinel2_all_decur,smp_Unet,optimized,50,16,1611,100%,16,0.2992355570741097,0.0005669541997516,0.8216108083724976
nz_cattle,Multiclass_Jaccard_Index,early_stopping_50_data_100_perc_ssl4eos12_resnet50_sentinel2_all_decur_smp_unet,1.00x train,ssl4eos12_resnet50_sentinel2_all_decur,smp_Unet,optimized,50,16,4208,100%,16,0.2992355570741097,0.0005669541997516,0.8205042481422424
chesapeake,Multiclass_Jaccard_Index,early_stopping_50_data_100_perc_ssl4eos12_resnet50_sentinel2_all_dino_smp_unet,1.00x train,ssl4eos12_resnet50_sentinel2_all_dino,smp_Unet,optimized,50,16,799,100%,32,0.0845698013691995,7.095358602186485e-05,0.7135563492774963
chesapeake,Multiclass_Jaccard_Index,early_stopping_50_data_100_perc_ssl4eos12_resnet50_sentinel2_all_dino_smp_unet,1.00x train,ssl4eos12_resnet50_sentinel2_all_dino,smp_Unet,optimized,50,16,339,100%,32,0.0845698013691995,7.095358602186485e-05,0.7104905843734741
chesapeake,Multiclass_Jaccard_Index,early_stopping_50_data_100_perc_ssl4eos12_resnet50_sentinel2_all_dino_smp_unet,1.00x train,ssl4eos12_resnet50_sentinel2_all_dino,smp_Unet,optimized,50,16,4739,100%,32,0.0845698013691995,7.095358602186485e-05,0.688521146774292
chesapeake,Multiclass_Jaccard_Index,early_stopping_50_data_100_perc_ssl4eos12_resnet50_sentinel2_all_dino_smp_unet,1.00x train,ssl4eos12_resnet50_sentinel2_all_dino,smp_Unet,optimized,50,16,4036,100%,32,0.0845698013691995,7.095358602186485e-05,0.7167086601257324
chesapeake,Multiclass_Jaccard_Index,early_stopping_50_data_100_perc_ssl4eos12_resnet50_sentinel2_all_dino_smp_unet,1.00x train,ssl4eos12_resnet50_sentinel2_all_dino,smp_Unet,optimized,50,16,3312,100%,32,0.0845698013691995,7.095358602186485e-05,0.715383768081665
chesapeake,Multiclass_Jaccard_Index,early_stopping_50_data_100_perc_ssl4eos12_resnet50_sentinel2_all_dino_smp_unet,1.00x train,ssl4eos12_resnet50_sentinel2_all_dino,smp_Unet,optimized,50,16,2740,100%,32,0.0845698013691995,7.095358602186485e-05,0.7025712728500366
chesapeake,Multiclass_Jaccard_Index,early_stopping_50_data_100_perc_ssl4eos12_resnet50_sentinel2_all_dino_smp_unet,1.00x train,ssl4eos12_resnet50_sentinel2_all_dino,smp_Unet,optimized,50,16,3843,100%,32,0.0845698013691995,7.095358602186485e-05,0.6929353475570679
chesapeake,Multiclass_Jaccard_Index,early_stopping_50_data_100_perc_ssl4eos12_resnet50_sentinel2_all_dino_smp_unet,1.00x train,ssl4eos12_resnet50_sentinel2_all_dino,smp_Unet,optimized,50,16,4613,100%,32,0.0845698013691995,7.095358602186485e-05,0.7135555744171143
chesapeake,Multiclass_Jaccard_Index,early_stopping_50_data_100_perc_ssl4eos12_resnet50_sentinel2_all_dino_smp_unet,1.00x train,ssl4eos12_resnet50_sentinel2_all_dino,smp_Unet,optimized,50,16,2118,100%,32,0.0845698013691995,7.095358602186485e-05,0.7066311836242676
chesapeake,Multiclass_Jaccard_Index,early_stopping_50_data_100_perc_ssl4eos12_resnet50_sentinel2_all_dino_smp_unet,1.00x train,ssl4eos12_resnet50_sentinel2_all_dino,smp_Unet,optimized,50,16,1998,100%,32,0.0845698013691995,7.095358602186485e-05,0.7069718241691589
sa_crop_type,Multiclass_Jaccard_Index,early_stopping_50_data_100_perc_ssl4eos12_resnet50_sentinel2_all_dino_smp_unet,1.00x train,ssl4eos12_resnet50_sentinel2_all_dino,smp_Unet,optimized,50,16,1273,100%,32,0.3169093481136426,0.0002803700277342,0.331969290971756
sa_crop_type,Multiclass_Jaccard_Index,early_stopping_50_data_100_perc_ssl4eos12_resnet50_sentinel2_all_dino_smp_unet,1.00x train,ssl4eos12_resnet50_sentinel2_all_dino,smp_Unet,optimized,50,16,4369,100%,32,0.3169093481136426,0.0002803700277342,0.3571399450302124
sa_crop_type,Multiclass_Jaccard_Index,early_stopping_50_data_100_perc_ssl4eos12_resnet50_sentinel2_all_dino_smp_unet,1.00x train,ssl4eos12_resnet50_sentinel2_all_dino,smp_Unet,optimized,50,16,4295,100%,32,0.3169093481136426,0.0002803700277342,0.3499228954315185
sa_crop_type,Multiclass_Jaccard_Index,early_stopping_50_data_100_perc_ssl4eos12_resnet50_sentinel2_all_dino_smp_unet,1.00x train,ssl4eos12_resnet50_sentinel2_all_dino,smp_Unet,optimized,50,16,3719,100%,32,0.3169093481136426,0.0002803700277342,0.3375613093376159
sa_crop_type,Multiclass_Jaccard_Index,early_stopping_50_data_100_perc_ssl4eos12_resnet50_sentinel2_all_dino_smp_unet,1.00x train,ssl4eos12_resnet50_sentinel2_all_dino,smp_Unet,optimized,50,16,4980,100%,32,0.3169093481136426,0.0002803700277342,0.3444221615791321
sa_crop_type,Multiclass_Jaccard_Index,early_stopping_50_data_100_perc_ssl4eos12_resnet50_sentinel2_all_dino_smp_unet,1.00x train,ssl4eos12_resnet50_sentinel2_all_dino,smp_Unet,optimized,50,16,3926,100%,32,0.3169093481136426,0.0002803700277342,0.3480183482170105
sa_crop_type,Multiclass_Jaccard_Index,early_stopping_50_data_100_perc_ssl4eos12_resnet50_sentinel2_all_dino_smp_unet,1.00x train,ssl4eos12_resnet50_sentinel2_all_dino,smp_Unet,optimized,50,16,523,100%,32,0.3169093481136426,0.0002803700277342,0.3338068127632141
sa_crop_type,Multiclass_Jaccard_Index,early_stopping_50_data_100_perc_ssl4eos12_resnet50_sentinel2_all_dino_smp_unet,1.00x train,ssl4eos12_resnet50_sentinel2_all_dino,smp_Unet,optimized,50,16,3132,100%,32,0.3169093481136426,0.0002803700277342,0.3421605825424194
sa_crop_type,Multiclass_Jaccard_Index,early_stopping_50_data_100_perc_ssl4eos12_resnet50_sentinel2_all_dino_smp_unet,1.00x train,ssl4eos12_resnet50_sentinel2_all_dino,smp_Unet,optimized,50,16,268,100%,32,0.3169093481136426,0.0002803700277342,0.3521450757980346
sa_crop_type,Multiclass_Jaccard_Index,early_stopping_50_data_100_perc_ssl4eos12_resnet50_sentinel2_all_dino_smp_unet,1.00x train,ssl4eos12_resnet50_sentinel2_all_dino,smp_Unet,optimized,50,16,1294,100%,32,0.3169093481136426,0.0002803700277342,0.3380949795246124
pv4ger_seg,Multiclass_Jaccard_Index,early_stopping_50_data_100_perc_ssl4eos12_resnet50_sentinel2_all_dino_smp_unet,1.00x train,ssl4eos12_resnet50_sentinel2_all_dino,smp_Unet,optimized,50,16,2853,100%,32,0.2806807709516379,0.0001561962879473,0.9402685165405272
pv4ger_seg,Multiclass_Jaccard_Index,early_stopping_50_data_100_perc_ssl4eos12_resnet50_sentinel2_all_dino_smp_unet,1.00x train,ssl4eos12_resnet50_sentinel2_all_dino,smp_Unet,optimized,50,16,921,100%,32,0.2806807709516379,0.0001561962879473,0.935638189315796
pv4ger_seg,Multiclass_Jaccard_Index,early_stopping_50_data_100_perc_ssl4eos12_resnet50_sentinel2_all_dino_smp_unet,1.00x train,ssl4eos12_resnet50_sentinel2_all_dino,smp_Unet,optimized,50,16,2885,100%,32,0.2806807709516379,0.0001561962879473,0.9274752140045166
pv4ger_seg,Multiclass_Jaccard_Index,early_stopping_50_data_100_perc_ssl4eos12_resnet50_sentinel2_all_dino_smp_unet,1.00x train,ssl4eos12_resnet50_sentinel2_all_dino,smp_Unet,optimized,50,16,1833,100%,32,0.2806807709516379,0.0001561962879473,0.9409592151641846
pv4ger_seg,Multiclass_Jaccard_Index,early_stopping_50_data_100_perc_ssl4eos12_resnet50_sentinel2_all_dino_smp_unet,1.00x train,ssl4eos12_resnet50_sentinel2_all_dino,smp_Unet,optimized,50,16,2434,100%,32,0.2806807709516379,0.0001561962879473,0.942594826221466
pv4ger_seg,Multiclass_Jaccard_Index,early_stopping_50_data_100_perc_ssl4eos12_resnet50_sentinel2_all_dino_smp_unet,1.00x train,ssl4eos12_resnet50_sentinel2_all_dino,smp_Unet,optimized,50,16,4523,100%,32,0.2806807709516379,0.0001561962879473,0.9272408485412598
pv4ger_seg,Multiclass_Jaccard_Index,early_stopping_50_data_100_perc_ssl4eos12_resnet50_sentinel2_all_dino_smp_unet,1.00x train,ssl4eos12_resnet50_sentinel2_all_dino,smp_Unet,optimized,50,16,1074,100%,32,0.2806807709516379,0.0001561962879473,0.9365390539169312
pv4ger_seg,Multiclass_Jaccard_Index,early_stopping_50_data_100_perc_ssl4eos12_resnet50_sentinel2_all_dino_smp_unet,1.00x train,ssl4eos12_resnet50_sentinel2_all_dino,smp_Unet,optimized,50,16,2695,100%,32,0.2806807709516379,0.0001561962879473,0.9388547539711
pv4ger_seg,Multiclass_Jaccard_Index,early_stopping_50_data_100_perc_ssl4eos12_resnet50_sentinel2_all_dino_smp_unet,1.00x train,ssl4eos12_resnet50_sentinel2_all_dino,smp_Unet,optimized,50,16,3339,100%,32,0.2806807709516379,0.0001561962879473,0.9340709447860718
pv4ger_seg,Multiclass_Jaccard_Index,early_stopping_50_data_100_perc_ssl4eos12_resnet50_sentinel2_all_dino_smp_unet,1.00x train,ssl4eos12_resnet50_sentinel2_all_dino,smp_Unet,optimized,50,16,778,100%,32,0.2806807709516379,0.0001561962879473,0.9414107799530028
cashew,Multiclass_Jaccard_Index,early_stopping_50_data_100_perc_ssl4eos12_resnet50_sentinel2_all_dino_smp_unet,1.00x train,ssl4eos12_resnet50_sentinel2_all_dino,smp_Unet,optimized,50,16,391,100%,8,0.1872029616850694,0.0001583623070717,0.8811582922935486
cashew,Multiclass_Jaccard_Index,early_stopping_50_data_100_perc_ssl4eos12_resnet50_sentinel2_all_dino_smp_unet,1.00x train,ssl4eos12_resnet50_sentinel2_all_dino,smp_Unet,optimized,50,16,125,100%,8,0.1872029616850694,0.0001583623070717,0.7500208616256714
cashew,Multiclass_Jaccard_Index,early_stopping_50_data_100_perc_ssl4eos12_resnet50_sentinel2_all_dino_smp_unet,1.00x train,ssl4eos12_resnet50_sentinel2_all_dino,smp_Unet,optimized,50,16,1471,100%,8,0.1872029616850694,0.0001583623070717,0.7552796006202698
cashew,Multiclass_Jaccard_Index,early_stopping_50_data_100_perc_ssl4eos12_resnet50_sentinel2_all_dino_smp_unet,1.00x train,ssl4eos12_resnet50_sentinel2_all_dino,smp_Unet,optimized,50,16,185,100%,8,0.1872029616850694,0.0001583623070717,0.7548510432243347
cashew,Multiclass_Jaccard_Index,early_stopping_50_data_100_perc_ssl4eos12_resnet50_sentinel2_all_dino_smp_unet,1.00x train,ssl4eos12_resnet50_sentinel2_all_dino,smp_Unet,optimized,50,16,3220,100%,8,0.1872029616850694,0.0001583623070717,0.8831520676612854
cashew,Multiclass_Jaccard_Index,early_stopping_50_data_100_perc_ssl4eos12_resnet50_sentinel2_all_dino_smp_unet,1.00x train,ssl4eos12_resnet50_sentinel2_all_dino,smp_Unet,optimized,50,16,1477,100%,8,0.1872029616850694,0.0001583623070717,0.7554706335067749
cashew,Multiclass_Jaccard_Index,early_stopping_50_data_100_perc_ssl4eos12_resnet50_sentinel2_all_dino_smp_unet,1.00x train,ssl4eos12_resnet50_sentinel2_all_dino,smp_Unet,optimized,50,16,27,100%,8,0.1872029616850694,0.0001583623070717,0.8891997337341309
cashew,Multiclass_Jaccard_Index,early_stopping_50_data_100_perc_ssl4eos12_resnet50_sentinel2_all_dino_smp_unet,1.00x train,ssl4eos12_resnet50_sentinel2_all_dino,smp_Unet,optimized,50,16,3893,100%,8,0.1872029616850694,0.0001583623070717,0.7583714723587036
cashew,Multiclass_Jaccard_Index,early_stopping_50_data_100_perc_ssl4eos12_resnet50_sentinel2_all_dino_smp_unet,1.00x train,ssl4eos12_resnet50_sentinel2_all_dino,smp_Unet,optimized,50,16,3109,100%,8,0.1872029616850694,0.0001583623070717,0.74748694896698
cashew,Multiclass_Jaccard_Index,early_stopping_50_data_100_perc_ssl4eos12_resnet50_sentinel2_all_dino_smp_unet,1.00x train,ssl4eos12_resnet50_sentinel2_all_dino,smp_Unet,optimized,50,16,1561,100%,8,0.1872029616850694,0.0001583623070717,0.7510426640510559
neontree,Multiclass_Jaccard_Index,early_stopping_50_data_100_perc_ssl4eos12_resnet50_sentinel2_all_dino_smp_unet,1.00x train,ssl4eos12_resnet50_sentinel2_all_dino,smp_Unet,optimized,50,16,339,100%,8,0.0958805157666471,0.0006669639988907,0.567497730255127
neontree,Multiclass_Jaccard_Index,early_stopping_50_data_100_perc_ssl4eos12_resnet50_sentinel2_all_dino_smp_unet,1.00x train,ssl4eos12_resnet50_sentinel2_all_dino,smp_Unet,optimized,50,16,1119,100%,8,0.0958805157666471,0.0006669639988907,0.5694387555122375
neontree,Multiclass_Jaccard_Index,early_stopping_50_data_100_perc_ssl4eos12_resnet50_sentinel2_all_dino_smp_unet,1.00x train,ssl4eos12_resnet50_sentinel2_all_dino,smp_Unet,optimized,50,16,1598,100%,8,0.0958805157666471,0.0006669639988907,0.5681214928627014
neontree,Multiclass_Jaccard_Index,early_stopping_50_data_100_perc_ssl4eos12_resnet50_sentinel2_all_dino_smp_unet,1.00x train,ssl4eos12_resnet50_sentinel2_all_dino,smp_Unet,optimized,50,16,59,100%,8,0.0958805157666471,0.0006669639988907,0.5635424852371216
neontree,Multiclass_Jaccard_Index,early_stopping_50_data_100_perc_ssl4eos12_resnet50_sentinel2_all_dino_smp_unet,1.00x train,ssl4eos12_resnet50_sentinel2_all_dino,smp_Unet,optimized,50,16,299,100%,8,0.0958805157666471,0.0006669639988907,0.5690293312072754
neontree,Multiclass_Jaccard_Index,early_stopping_50_data_100_perc_ssl4eos12_resnet50_sentinel2_all_dino_smp_unet,1.00x train,ssl4eos12_resnet50_sentinel2_all_dino,smp_Unet,optimized,50,16,3969,100%,8,0.0958805157666471,0.0006669639988907,0.5734402537345886
neontree,Multiclass_Jaccard_Index,early_stopping_50_data_100_perc_ssl4eos12_resnet50_sentinel2_all_dino_smp_unet,1.00x train,ssl4eos12_resnet50_sentinel2_all_dino,smp_Unet,optimized,50,16,1335,100%,8,0.0958805157666471,0.0006669639988907,0.5750075578689575
neontree,Multiclass_Jaccard_Index,early_stopping_50_data_100_perc_ssl4eos12_resnet50_sentinel2_all_dino_smp_unet,1.00x train,ssl4eos12_resnet50_sentinel2_all_dino,smp_Unet,optimized,50,16,1205,100%,8,0.0958805157666471,0.0006669639988907,0.5757657289505005
neontree,Multiclass_Jaccard_Index,early_stopping_50_data_100_perc_ssl4eos12_resnet50_sentinel2_all_dino_smp_unet,1.00x train,ssl4eos12_resnet50_sentinel2_all_dino,smp_Unet,optimized,50,16,1984,100%,8,0.0958805157666471,0.0006669639988907,0.5712120532989502
neontree,Multiclass_Jaccard_Index,early_stopping_50_data_100_perc_ssl4eos12_resnet50_sentinel2_all_dino_smp_unet,1.00x train,ssl4eos12_resnet50_sentinel2_all_dino,smp_Unet,optimized,50,16,1387,100%,8,0.0958805157666471,0.0006669639988907,0.5796757936477661
nz_cattle,Multiclass_Jaccard_Index,early_stopping_50_data_100_perc_ssl4eos12_resnet50_sentinel2_all_dino_smp_unet,1.00x train,ssl4eos12_resnet50_sentinel2_all_dino,smp_Unet,optimized,50,16,2986,100%,32,0.2406274751665054,0.0007374796618441,0.8232717514038086
nz_cattle,Multiclass_Jaccard_Index,early_stopping_50_data_100_perc_ssl4eos12_resnet50_sentinel2_all_dino_smp_unet,1.00x train,ssl4eos12_resnet50_sentinel2_all_dino,smp_Unet,optimized,50,16,3692,100%,32,0.2406274751665054,0.0007374796618441,0.8008925914764404
nz_cattle,Multiclass_Jaccard_Index,early_stopping_50_data_100_perc_ssl4eos12_resnet50_sentinel2_all_dino_smp_unet,1.00x train,ssl4eos12_resnet50_sentinel2_all_dino,smp_Unet,optimized,50,16,2829,100%,32,0.2406274751665054,0.0007374796618441,0.8172112107276917
nz_cattle,Multiclass_Jaccard_Index,early_stopping_50_data_100_perc_ssl4eos12_resnet50_sentinel2_all_dino_smp_unet,1.00x train,ssl4eos12_resnet50_sentinel2_all_dino,smp_Unet,optimized,50,16,3583,100%,32,0.2406274751665054,0.0007374796618441,0.8212674856185913
nz_cattle,Multiclass_Jaccard_Index,early_stopping_50_data_100_perc_ssl4eos12_resnet50_sentinel2_all_dino_smp_unet,1.00x train,ssl4eos12_resnet50_sentinel2_all_dino,smp_Unet,optimized,50,16,4245,100%,32,0.2406274751665054,0.0007374796618441,0.8171231746673584
nz_cattle,Multiclass_Jaccard_Index,early_stopping_50_data_100_perc_ssl4eos12_resnet50_sentinel2_all_dino_smp_unet,1.00x train,ssl4eos12_resnet50_sentinel2_all_dino,smp_Unet,optimized,50,16,4544,100%,32,0.2406274751665054,0.0007374796618441,0.8219597339630127
nz_cattle,Multiclass_Jaccard_Index,early_stopping_50_data_100_perc_ssl4eos12_resnet50_sentinel2_all_dino_smp_unet,1.00x train,ssl4eos12_resnet50_sentinel2_all_dino,smp_Unet,optimized,50,16,1204,100%,32,0.2406274751665054,0.0007374796618441,0.8255108594894409
nz_cattle,Multiclass_Jaccard_Index,early_stopping_50_data_100_perc_ssl4eos12_resnet50_sentinel2_all_dino_smp_unet,1.00x train,ssl4eos12_resnet50_sentinel2_all_dino,smp_Unet,optimized,50,16,15,100%,32,0.2406274751665054,0.0007374796618441,0.8165488243103027
nz_cattle,Multiclass_Jaccard_Index,early_stopping_50_data_100_perc_ssl4eos12_resnet50_sentinel2_all_dino_smp_unet,1.00x train,ssl4eos12_resnet50_sentinel2_all_dino,smp_Unet,optimized,50,16,4111,100%,32,0.2406274751665054,0.0007374796618441,0.8116637468338013
nz_cattle,Multiclass_Jaccard_Index,early_stopping_50_data_100_perc_ssl4eos12_resnet50_sentinel2_all_dino_smp_unet,1.00x train,ssl4eos12_resnet50_sentinel2_all_dino,smp_Unet,optimized,50,16,2099,100%,32,0.2406274751665054,0.0007374796618441,0.7985596060752869
pv4ger,Overall_Accuracy,early_stopping_50_data_100_perc_ssl4eos12_resnet50_sentinel2_all_dino_true,1.00x train,ssl4eos12_resnet50_sentinel2_all_dino,IdentityDecoder,optimized,50,16,4565,100%,32,0.0483818466583478,0.0009007718997571,0.9809809923171996
pv4ger,Overall_Accuracy,early_stopping_50_data_100_perc_ssl4eos12_resnet50_sentinel2_all_dino_true,1.00x train,ssl4eos12_resnet50_sentinel2_all_dino,IdentityDecoder,optimized,50,16,4322,100%,32,0.0483818466583478,0.0009007718997571,0.9739739894866944
pv4ger,Overall_Accuracy,early_stopping_50_data_100_perc_ssl4eos12_resnet50_sentinel2_all_dino_true,1.00x train,ssl4eos12_resnet50_sentinel2_all_dino,IdentityDecoder,optimized,50,16,4148,100%,32,0.0483818466583478,0.0009007718997571,0.9819819927215576
pv4ger,Overall_Accuracy,early_stopping_50_data_100_perc_ssl4eos12_resnet50_sentinel2_all_dino_true,1.00x train,ssl4eos12_resnet50_sentinel2_all_dino,IdentityDecoder,optimized,50,16,16,100%,32,0.0483818466583478,0.0009007718997571,0.977977991104126
pv4ger,Overall_Accuracy,early_stopping_50_data_100_perc_ssl4eos12_resnet50_sentinel2_all_dino_true,1.00x train,ssl4eos12_resnet50_sentinel2_all_dino,IdentityDecoder,optimized,50,16,3799,100%,32,0.0483818466583478,0.0009007718997571,0.9679679870605468
pv4ger,Overall_Accuracy,early_stopping_50_data_100_perc_ssl4eos12_resnet50_sentinel2_all_dino_true,1.00x train,ssl4eos12_resnet50_sentinel2_all_dino,IdentityDecoder,optimized,50,16,4370,100%,32,0.0483818466583478,0.0009007718997571,0.9719719886779784
pv4ger,Overall_Accuracy,early_stopping_50_data_100_perc_ssl4eos12_resnet50_sentinel2_all_dino_true,1.00x train,ssl4eos12_resnet50_sentinel2_all_dino,IdentityDecoder,optimized,50,16,4217,100%,32,0.0483818466583478,0.0009007718997571,0.9739739894866944
pv4ger,Overall_Accuracy,early_stopping_50_data_100_perc_ssl4eos12_resnet50_sentinel2_all_dino_true,1.00x train,ssl4eos12_resnet50_sentinel2_all_dino,IdentityDecoder,optimized,50,16,2748,100%,32,0.0483818466583478,0.0009007718997571,0.978978991508484
pv4ger,Overall_Accuracy,early_stopping_50_data_100_perc_ssl4eos12_resnet50_sentinel2_all_dino_true,1.00x train,ssl4eos12_resnet50_sentinel2_all_dino,IdentityDecoder,optimized,50,16,4964,100%,32,0.0483818466583478,0.0009007718997571,0.9729729890823364
pv4ger,Overall_Accuracy,early_stopping_50_data_100_perc_ssl4eos12_resnet50_sentinel2_all_dino_true,1.00x train,ssl4eos12_resnet50_sentinel2_all_dino,IdentityDecoder,optimized,50,16,145,100%,32,0.0483818466583478,0.0009007718997571,0.9589589834213256
so2sat,Overall_Accuracy,early_stopping_50_data_100_perc_ssl4eos12_resnet50_sentinel2_all_dino_true,1.00x train,ssl4eos12_resnet50_sentinel2_all_dino,IdentityDecoder,optimized,50,16,1582,100%,16,0.1420142212351907,6.484318042499172e-05,0.517241358757019
so2sat,Overall_Accuracy,early_stopping_50_data_100_perc_ssl4eos12_resnet50_sentinel2_all_dino_true,1.00x train,ssl4eos12_resnet50_sentinel2_all_dino,IdentityDecoder,optimized,50,16,3140,100%,16,0.1420142212351907,6.484318042499172e-05,0.568965494632721
so2sat,Overall_Accuracy,early_stopping_50_data_100_perc_ssl4eos12_resnet50_sentinel2_all_dino_true,1.00x train,ssl4eos12_resnet50_sentinel2_all_dino,IdentityDecoder,optimized,50,16,1849,100%,16,0.1420142212351907,6.484318042499172e-05,0.5557809472084045
so2sat,Overall_Accuracy,early_stopping_50_data_100_perc_ssl4eos12_resnet50_sentinel2_all_dino_true,1.00x train,ssl4eos12_resnet50_sentinel2_all_dino,IdentityDecoder,optimized,50,16,1966,100%,16,0.1420142212351907,6.484318042499172e-05,0.5030425786972046
so2sat,Overall_Accuracy,early_stopping_50_data_100_perc_ssl4eos12_resnet50_sentinel2_all_dino_true,1.00x train,ssl4eos12_resnet50_sentinel2_all_dino,IdentityDecoder,optimized,50,16,3231,100%,16,0.1420142212351907,6.484318042499172e-05,0.5425963401794434
so2sat,Overall_Accuracy,early_stopping_50_data_100_perc_ssl4eos12_resnet50_sentinel2_all_dino_true,1.00x train,ssl4eos12_resnet50_sentinel2_all_dino,IdentityDecoder,optimized,50,16,2190,100%,16,0.1420142212351907,6.484318042499172e-05,0.5486815571784973
so2sat,Overall_Accuracy,early_stopping_50_data_100_perc_ssl4eos12_resnet50_sentinel2_all_dino_true,1.00x train,ssl4eos12_resnet50_sentinel2_all_dino,IdentityDecoder,optimized,50,16,4762,100%,16,0.1420142212351907,6.484318042499172e-05,0.5679513216018677
so2sat,Overall_Accuracy,early_stopping_50_data_100_perc_ssl4eos12_resnet50_sentinel2_all_dino_true,1.00x train,ssl4eos12_resnet50_sentinel2_all_dino,IdentityDecoder,optimized,50,16,3672,100%,16,0.1420142212351907,6.484318042499172e-05,0.5415821671485901
so2sat,Overall_Accuracy,early_stopping_50_data_100_perc_ssl4eos12_resnet50_sentinel2_all_dino_true,1.00x train,ssl4eos12_resnet50_sentinel2_all_dino,IdentityDecoder,optimized,50,16,1329,100%,16,0.1420142212351907,6.484318042499172e-05,0.5446247458457947
so2sat,Overall_Accuracy,early_stopping_50_data_100_perc_ssl4eos12_resnet50_sentinel2_all_dino_true,1.00x train,ssl4eos12_resnet50_sentinel2_all_dino,IdentityDecoder,optimized,50,16,1399,100%,16,0.1420142212351907,6.484318042499172e-05,0.5334685444831848
brick_kiln,Overall_Accuracy,early_stopping_50_data_100_perc_ssl4eos12_resnet50_sentinel2_all_dino_true,1.00x train,ssl4eos12_resnet50_sentinel2_all_dino,IdentityDecoder,optimized,50,16,3310,100%,32,0.0016925260317968,6.455143990010064e-05,0.9869869947433472
brick_kiln,Overall_Accuracy,early_stopping_50_data_100_perc_ssl4eos12_resnet50_sentinel2_all_dino_true,1.00x train,ssl4eos12_resnet50_sentinel2_all_dino,IdentityDecoder,optimized,50,16,535,100%,32,0.0016925260317968,6.455143990010064e-05,0.9819819927215576
brick_kiln,Overall_Accuracy,early_stopping_50_data_100_perc_ssl4eos12_resnet50_sentinel2_all_dino_true,1.00x train,ssl4eos12_resnet50_sentinel2_all_dino,IdentityDecoder,optimized,50,16,562,100%,32,0.0016925260317968,6.455143990010064e-05,0.9859859943389891
brick_kiln,Overall_Accuracy,early_stopping_50_data_100_perc_ssl4eos12_resnet50_sentinel2_all_dino_true,1.00x train,ssl4eos12_resnet50_sentinel2_all_dino,IdentityDecoder,optimized,50,16,1753,100%,32,0.0016925260317968,6.455143990010064e-05,0.9849849939346312
brick_kiln,Overall_Accuracy,early_stopping_50_data_100_perc_ssl4eos12_resnet50_sentinel2_all_dino_true,1.00x train,ssl4eos12_resnet50_sentinel2_all_dino,IdentityDecoder,optimized,50,16,2622,100%,32,0.0016925260317968,6.455143990010064e-05,0.9649649858474731
brick_kiln,Overall_Accuracy,early_stopping_50_data_100_perc_ssl4eos12_resnet50_sentinel2_all_dino_true,1.00x train,ssl4eos12_resnet50_sentinel2_all_dino,IdentityDecoder,optimized,50,16,814,100%,32,0.0016925260317968,6.455143990010064e-05,0.9859859943389891
brick_kiln,Overall_Accuracy,early_stopping_50_data_100_perc_ssl4eos12_resnet50_sentinel2_all_dino_true,1.00x train,ssl4eos12_resnet50_sentinel2_all_dino,IdentityDecoder,optimized,50,16,237,100%,32,0.0016925260317968,6.455143990010064e-05,0.9839839935302734
brick_kiln,Overall_Accuracy,early_stopping_50_data_100_perc_ssl4eos12_resnet50_sentinel2_all_dino_true,1.00x train,ssl4eos12_resnet50_sentinel2_all_dino,IdentityDecoder,optimized,50,16,1307,100%,32,0.0016925260317968,6.455143990010064e-05,0.9859859943389891
brick_kiln,Overall_Accuracy,early_stopping_50_data_100_perc_ssl4eos12_resnet50_sentinel2_all_dino_true,1.00x train,ssl4eos12_resnet50_sentinel2_all_dino,IdentityDecoder,optimized,50,16,4435,100%,32,0.0016925260317968,6.455143990010064e-05,0.9809809923171996
brick_kiln,Overall_Accuracy,early_stopping_50_data_100_perc_ssl4eos12_resnet50_sentinel2_all_dino_true,1.00x train,ssl4eos12_resnet50_sentinel2_all_dino,IdentityDecoder,optimized,50,16,4089,100%,32,0.0016925260317968,6.455143990010064e-05,0.9839839935302734
big_earth_net,Multilabel_F1_Score,early_stopping_50_data_100_perc_ssl4eos12_resnet50_sentinel2_all_dino_true,1.00x train,ssl4eos12_resnet50_sentinel2_all_dino,IdentityDecoder,optimized,50,16,4838,100%,32,0.2103480107442391,6.471079283583433e-05,0.6599027514457703
big_earth_net,Multilabel_F1_Score,early_stopping_50_data_100_perc_ssl4eos12_resnet50_sentinel2_all_dino_true,1.00x train,ssl4eos12_resnet50_sentinel2_all_dino,IdentityDecoder,optimized,50,16,713,100%,32,0.2103480107442391,6.471079283583433e-05,0.6716534495353699
big_earth_net,Multilabel_F1_Score,early_stopping_50_data_100_perc_ssl4eos12_resnet50_sentinel2_all_dino_true,1.00x train,ssl4eos12_resnet50_sentinel2_all_dino,IdentityDecoder,optimized,50,16,4468,100%,32,0.2103480107442391,6.471079283583433e-05,0.6648851037025452
big_earth_net,Multilabel_F1_Score,early_stopping_50_data_100_perc_ssl4eos12_resnet50_sentinel2_all_dino_true,1.00x train,ssl4eos12_resnet50_sentinel2_all_dino,IdentityDecoder,optimized,50,16,840,100%,32,0.2103480107442391,6.471079283583433e-05,0.6675868034362793
big_earth_net,Multilabel_F1_Score,early_stopping_50_data_100_perc_ssl4eos12_resnet50_sentinel2_all_dino_true,1.00x train,ssl4eos12_resnet50_sentinel2_all_dino,IdentityDecoder,optimized,50,16,1144,100%,32,0.2103480107442391,6.471079283583433e-05,0.6821687817573547
big_earth_net,Multilabel_F1_Score,early_stopping_50_data_100_perc_ssl4eos12_resnet50_sentinel2_all_dino_true,1.00x train,ssl4eos12_resnet50_sentinel2_all_dino,IdentityDecoder,optimized,50,16,1829,100%,32,0.2103480107442391,6.471079283583433e-05,0.6789093017578125
big_earth_net,Multilabel_F1_Score,early_stopping_50_data_100_perc_ssl4eos12_resnet50_sentinel2_all_dino_true,1.00x train,ssl4eos12_resnet50_sentinel2_all_dino,IdentityDecoder,optimized,50,16,2007,100%,32,0.2103480107442391,6.471079283583433e-05,0.6702918410301208
big_earth_net,Multilabel_F1_Score,early_stopping_50_data_100_perc_ssl4eos12_resnet50_sentinel2_all_dino_true,1.00x train,ssl4eos12_resnet50_sentinel2_all_dino,IdentityDecoder,optimized,50,16,2254,100%,32,0.2103480107442391,6.471079283583433e-05,0.6647154688835144
big_earth_net,Multilabel_F1_Score,early_stopping_50_data_100_perc_ssl4eos12_resnet50_sentinel2_all_dino_true,1.00x train,ssl4eos12_resnet50_sentinel2_all_dino,IdentityDecoder,optimized,50,16,205,100%,32,0.2103480107442391,6.471079283583433e-05,0.6651250123977661
big_earth_net,Multilabel_F1_Score,early_stopping_50_data_100_perc_ssl4eos12_resnet50_sentinel2_all_dino_true,1.00x train,ssl4eos12_resnet50_sentinel2_all_dino,IdentityDecoder,optimized,50,16,913,100%,32,0.2103480107442391,6.471079283583433e-05,0.6596580743789673
eurosat,Overall_Accuracy,early_stopping_50_data_100_perc_ssl4eos12_resnet50_sentinel2_all_dino_true,1.00x train,ssl4eos12_resnet50_sentinel2_all_dino,IdentityDecoder,optimized,50,16,3130,100%,32,0.290578170946364,8.388751435377213e-05,0.9739999771118164
eurosat,Overall_Accuracy,early_stopping_50_data_100_perc_ssl4eos12_resnet50_sentinel2_all_dino_true,1.00x train,ssl4eos12_resnet50_sentinel2_all_dino,IdentityDecoder,optimized,50,16,1220,100%,32,0.290578170946364,8.388751435377213e-05,0.9629999995231628
eurosat,Overall_Accuracy,early_stopping_50_data_100_perc_ssl4eos12_resnet50_sentinel2_all_dino_true,1.00x train,ssl4eos12_resnet50_sentinel2_all_dino,IdentityDecoder,optimized,50,16,1188,100%,32,0.290578170946364,8.388751435377213e-05,0.962000012397766
eurosat,Overall_Accuracy,early_stopping_50_data_100_perc_ssl4eos12_resnet50_sentinel2_all_dino_true,1.00x train,ssl4eos12_resnet50_sentinel2_all_dino,IdentityDecoder,optimized,50,16,2923,100%,32,0.290578170946364,8.388751435377213e-05,0.9700000286102296
eurosat,Overall_Accuracy,early_stopping_50_data_100_perc_ssl4eos12_resnet50_sentinel2_all_dino_true,1.00x train,ssl4eos12_resnet50_sentinel2_all_dino,IdentityDecoder,optimized,50,16,2033,100%,32,0.290578170946364,8.388751435377213e-05,0.968999981880188
eurosat,Overall_Accuracy,early_stopping_50_data_100_perc_ssl4eos12_resnet50_sentinel2_all_dino_true,1.00x train,ssl4eos12_resnet50_sentinel2_all_dino,IdentityDecoder,optimized,50,16,445,100%,32,0.290578170946364,8.388751435377213e-05,0.972000002861023
eurosat,Overall_Accuracy,early_stopping_50_data_100_perc_ssl4eos12_resnet50_sentinel2_all_dino_true,1.00x train,ssl4eos12_resnet50_sentinel2_all_dino,IdentityDecoder,optimized,50,16,2729,100%,32,0.290578170946364,8.388751435377213e-05,0.9679999947547911
eurosat,Overall_Accuracy,early_stopping_50_data_100_perc_ssl4eos12_resnet50_sentinel2_all_dino_true,1.00x train,ssl4eos12_resnet50_sentinel2_all_dino,IdentityDecoder,optimized,50,16,3499,100%,32,0.290578170946364,8.388751435377213e-05,0.962000012397766
eurosat,Overall_Accuracy,early_stopping_50_data_100_perc_ssl4eos12_resnet50_sentinel2_all_dino_true,1.00x train,ssl4eos12_resnet50_sentinel2_all_dino,IdentityDecoder,optimized,50,16,1144,100%,32,0.290578170946364,8.388751435377213e-05,0.9679999947547911
eurosat,Overall_Accuracy,early_stopping_50_data_100_perc_ssl4eos12_resnet50_sentinel2_all_dino_true,1.00x train,ssl4eos12_resnet50_sentinel2_all_dino,IdentityDecoder,optimized,50,16,2902,100%,32,0.290578170946364,8.388751435377213e-05,0.9739999771118164
forestnet,Overall_Accuracy,early_stopping_50_data_100_perc_ssl4eos12_resnet50_sentinel2_all_dino_true,1.00x train,ssl4eos12_resnet50_sentinel2_all_dino,IdentityDecoder,optimized,50,16,707,100%,16,0.3941167807260976,0.0002822095144255,0.4521651566028595
forestnet,Overall_Accuracy,early_stopping_50_data_100_perc_ssl4eos12_resnet50_sentinel2_all_dino_true,1.00x train,ssl4eos12_resnet50_sentinel2_all_dino,IdentityDecoder,optimized,50,16,3382,100%,16,0.3941167807260976,0.0002822095144255,0.4692849814891815
forestnet,Overall_Accuracy,early_stopping_50_data_100_perc_ssl4eos12_resnet50_sentinel2_all_dino_true,1.00x train,ssl4eos12_resnet50_sentinel2_all_dino,IdentityDecoder,optimized,50,16,4829,100%,16,0.3941167807260976,0.0002822095144255,0.448136955499649
forestnet,Overall_Accuracy,early_stopping_50_data_100_perc_ssl4eos12_resnet50_sentinel2_all_dino_true,1.00x train,ssl4eos12_resnet50_sentinel2_all_dino,IdentityDecoder,optimized,50,16,4496,100%,16,0.3941167807260976,0.0002822095144255,0.4360523521900177
forestnet,Overall_Accuracy,early_stopping_50_data_100_perc_ssl4eos12_resnet50_sentinel2_all_dino_true,1.00x train,ssl4eos12_resnet50_sentinel2_all_dino,IdentityDecoder,optimized,50,16,4976,100%,16,0.3941167807260976,0.0002822095144255,0.4189325273036957
forestnet,Overall_Accuracy,early_stopping_50_data_100_perc_ssl4eos12_resnet50_sentinel2_all_dino_true,1.00x train,ssl4eos12_resnet50_sentinel2_all_dino,IdentityDecoder,optimized,50,16,1421,100%,16,0.3941167807260976,0.0002822095144255,0.4269889295101166
forestnet,Overall_Accuracy,early_stopping_50_data_100_perc_ssl4eos12_resnet50_sentinel2_all_dino_true,1.00x train,ssl4eos12_resnet50_sentinel2_all_dino,IdentityDecoder,optimized,50,16,3807,100%,16,0.3941167807260976,0.0002822095144255,0.4390735030174255
forestnet,Overall_Accuracy,early_stopping_50_data_100_perc_ssl4eos12_resnet50_sentinel2_all_dino_true,1.00x train,ssl4eos12_resnet50_sentinel2_all_dino,IdentityDecoder,optimized,50,16,3103,100%,16,0.3941167807260976,0.0002822095144255,0.4491440057754516
forestnet,Overall_Accuracy,early_stopping_50_data_100_perc_ssl4eos12_resnet50_sentinel2_all_dino_true,1.00x train,ssl4eos12_resnet50_sentinel2_all_dino,IdentityDecoder,optimized,50,16,1716,100%,16,0.3941167807260976,0.0002822095144255,0.4471299052238464
forestnet,Overall_Accuracy,early_stopping_50_data_100_perc_ssl4eos12_resnet50_sentinel2_all_dino_true,1.00x train,ssl4eos12_resnet50_sentinel2_all_dino,IdentityDecoder,optimized,50,16,3421,100%,16,0.3941167807260976,0.0002822095144255,0.4290030300617218
pv4ger,Overall_Accuracy,early_stopping_50_data_100_perc_ssl4eos12_resnet50_sentinel2_all_decur_true,1.00x train,ssl4eos12_resnet50_sentinel2_all_decur,IdentityDecoder,optimized,50,16,1006,100%,16,0.0233859235441379,0.0008743862145496,0.9689689874649048
pv4ger,Overall_Accuracy,early_stopping_50_data_100_perc_ssl4eos12_resnet50_sentinel2_all_decur_true,1.00x train,ssl4eos12_resnet50_sentinel2_all_decur,IdentityDecoder,optimized,50,16,855,100%,16,0.0233859235441379,0.0008743862145496,0.9759759902954102
pv4ger,Overall_Accuracy,early_stopping_50_data_100_perc_ssl4eos12_resnet50_sentinel2_all_decur_true,1.00x train,ssl4eos12_resnet50_sentinel2_all_decur,IdentityDecoder,optimized,50,16,274,100%,16,0.0233859235441379,0.0008743862145496,0.9729729890823364
pv4ger,Overall_Accuracy,early_stopping_50_data_100_perc_ssl4eos12_resnet50_sentinel2_all_decur_true,1.00x train,ssl4eos12_resnet50_sentinel2_all_decur,IdentityDecoder,optimized,50,16,3967,100%,16,0.0233859235441379,0.0008743862145496,0.966966986656189
pv4ger,Overall_Accuracy,early_stopping_50_data_100_perc_ssl4eos12_resnet50_sentinel2_all_decur_true,1.00x train,ssl4eos12_resnet50_sentinel2_all_decur,IdentityDecoder,optimized,50,16,1261,100%,16,0.0233859235441379,0.0008743862145496,0.9729729890823364
pv4ger,Overall_Accuracy,early_stopping_50_data_100_perc_ssl4eos12_resnet50_sentinel2_all_decur_true,1.00x train,ssl4eos12_resnet50_sentinel2_all_decur,IdentityDecoder,optimized,50,16,3907,100%,16,0.0233859235441379,0.0008743862145496,0.977977991104126
pv4ger,Overall_Accuracy,early_stopping_50_data_100_perc_ssl4eos12_resnet50_sentinel2_all_decur_true,1.00x train,ssl4eos12_resnet50_sentinel2_all_decur,IdentityDecoder,optimized,50,16,507,100%,16,0.0233859235441379,0.0008743862145496,0.9699699878692628
pv4ger,Overall_Accuracy,early_stopping_50_data_100_perc_ssl4eos12_resnet50_sentinel2_all_decur_true,1.00x train,ssl4eos12_resnet50_sentinel2_all_decur,IdentityDecoder,optimized,50,16,4890,100%,16,0.0233859235441379,0.0008743862145496,0.9739739894866944
pv4ger,Overall_Accuracy,early_stopping_50_data_100_perc_ssl4eos12_resnet50_sentinel2_all_decur_true,1.00x train,ssl4eos12_resnet50_sentinel2_all_decur,IdentityDecoder,optimized,50,16,821,100%,16,0.0233859235441379,0.0008743862145496,0.9729729890823364
pv4ger,Overall_Accuracy,early_stopping_50_data_100_perc_ssl4eos12_resnet50_sentinel2_all_decur_true,1.00x train,ssl4eos12_resnet50_sentinel2_all_decur,IdentityDecoder,optimized,50,16,897,100%,16,0.0233859235441379,0.0008743862145496,0.9759759902954102
so2sat,Overall_Accuracy,early_stopping_50_data_100_perc_ssl4eos12_resnet50_sentinel2_all_decur_true,1.00x train,ssl4eos12_resnet50_sentinel2_all_decur,IdentityDecoder,optimized,50,16,2709,100%,8,0.2143980952203471,7.678537962381587e-05,0.546653151512146
so2sat,Overall_Accuracy,early_stopping_50_data_100_perc_ssl4eos12_resnet50_sentinel2_all_decur_true,1.00x train,ssl4eos12_resnet50_sentinel2_all_decur,IdentityDecoder,optimized,50,16,4385,100%,8,0.2143980952203471,7.678537962381587e-05,0.523326575756073
so2sat,Overall_Accuracy,early_stopping_50_data_100_perc_ssl4eos12_resnet50_sentinel2_all_decur_true,1.00x train,ssl4eos12_resnet50_sentinel2_all_decur,IdentityDecoder,optimized,50,16,2334,100%,8,0.2143980952203471,7.678537962381587e-05,0.5537525415420532
so2sat,Overall_Accuracy,early_stopping_50_data_100_perc_ssl4eos12_resnet50_sentinel2_all_decur_true,1.00x train,ssl4eos12_resnet50_sentinel2_all_decur,IdentityDecoder,optimized,50,16,2296,100%,8,0.2143980952203471,7.678537962381587e-05,0.563894510269165
so2sat,Overall_Accuracy,early_stopping_50_data_100_perc_ssl4eos12_resnet50_sentinel2_all_decur_true,1.00x train,ssl4eos12_resnet50_sentinel2_all_decur,IdentityDecoder,optimized,50,16,2335,100%,8,0.2143980952203471,7.678537962381587e-05,0.540567934513092
so2sat,Overall_Accuracy,early_stopping_50_data_100_perc_ssl4eos12_resnet50_sentinel2_all_decur_true,1.00x train,ssl4eos12_resnet50_sentinel2_all_decur,IdentityDecoder,optimized,50,16,4220,100%,8,0.2143980952203471,7.678537962381587e-05,0.5567951202392578
so2sat,Overall_Accuracy,early_stopping_50_data_100_perc_ssl4eos12_resnet50_sentinel2_all_decur_true,1.00x train,ssl4eos12_resnet50_sentinel2_all_decur,IdentityDecoder,optimized,50,16,600,100%,8,0.2143980952203471,7.678537962381587e-05,0.5415821671485901
so2sat,Overall_Accuracy,early_stopping_50_data_100_perc_ssl4eos12_resnet50_sentinel2_all_decur_true,1.00x train,ssl4eos12_resnet50_sentinel2_all_decur,IdentityDecoder,optimized,50,16,4085,100%,8,0.2143980952203471,7.678537962381587e-05,0.5081135630607605
so2sat,Overall_Accuracy,early_stopping_50_data_100_perc_ssl4eos12_resnet50_sentinel2_all_decur_true,1.00x train,ssl4eos12_resnet50_sentinel2_all_decur,IdentityDecoder,optimized,50,16,3605,100%,8,0.2143980952203471,7.678537962381587e-05,0.4898580014705658
so2sat,Overall_Accuracy,early_stopping_50_data_100_perc_ssl4eos12_resnet50_sentinel2_all_decur_true,1.00x train,ssl4eos12_resnet50_sentinel2_all_decur,IdentityDecoder,optimized,50,16,4851,100%,8,0.2143980952203471,7.678537962381587e-05,0.5578093528747559
brick_kiln,Overall_Accuracy,early_stopping_50_data_100_perc_ssl4eos12_resnet50_sentinel2_all_decur_true,1.00x train,ssl4eos12_resnet50_sentinel2_all_decur,IdentityDecoder,optimized,50,16,2466,100%,32,0.0241049339778712,0.0006317522129654,0.9809809923171996
brick_kiln,Overall_Accuracy,early_stopping_50_data_100_perc_ssl4eos12_resnet50_sentinel2_all_decur_true,1.00x train,ssl4eos12_resnet50_sentinel2_all_decur,IdentityDecoder,optimized,50,16,2541,100%,32,0.0241049339778712,0.0006317522129654,0.9829829931259156
brick_kiln,Overall_Accuracy,early_stopping_50_data_100_perc_ssl4eos12_resnet50_sentinel2_all_decur_true,1.00x train,ssl4eos12_resnet50_sentinel2_all_decur,IdentityDecoder,optimized,50,16,2246,100%,32,0.0241049339778712,0.0006317522129654,0.978978991508484
brick_kiln,Overall_Accuracy,early_stopping_50_data_100_perc_ssl4eos12_resnet50_sentinel2_all_decur_true,1.00x train,ssl4eos12_resnet50_sentinel2_all_decur,IdentityDecoder,optimized,50,16,132,100%,32,0.0241049339778712,0.0006317522129654,0.9689689874649048
brick_kiln,Overall_Accuracy,early_stopping_50_data_100_perc_ssl4eos12_resnet50_sentinel2_all_decur_true,1.00x train,ssl4eos12_resnet50_sentinel2_all_decur,IdentityDecoder,optimized,50,16,1691,100%,32,0.0241049339778712,0.0006317522129654,0.9729729890823364
brick_kiln,Overall_Accuracy,early_stopping_50_data_100_perc_ssl4eos12_resnet50_sentinel2_all_decur_true,1.00x train,ssl4eos12_resnet50_sentinel2_all_decur,IdentityDecoder,optimized,50,16,1696,100%,32,0.0241049339778712,0.0006317522129654,0.9799799919128418
brick_kiln,Overall_Accuracy,early_stopping_50_data_100_perc_ssl4eos12_resnet50_sentinel2_all_decur_true,1.00x train,ssl4eos12_resnet50_sentinel2_all_decur,IdentityDecoder,optimized,50,16,2224,100%,32,0.0241049339778712,0.0006317522129654,0.9799799919128418
brick_kiln,Overall_Accuracy,early_stopping_50_data_100_perc_ssl4eos12_resnet50_sentinel2_all_decur_true,1.00x train,ssl4eos12_resnet50_sentinel2_all_decur,IdentityDecoder,optimized,50,16,4222,100%,32,0.0241049339778712,0.0006317522129654,0.9809809923171996
brick_kiln,Overall_Accuracy,early_stopping_50_data_100_perc_ssl4eos12_resnet50_sentinel2_all_decur_true,1.00x train,ssl4eos12_resnet50_sentinel2_all_decur,IdentityDecoder,optimized,50,16,1077,100%,32,0.0241049339778712,0.0006317522129654,0.9739739894866944
brick_kiln,Overall_Accuracy,early_stopping_50_data_100_perc_ssl4eos12_resnet50_sentinel2_all_decur_true,1.00x train,ssl4eos12_resnet50_sentinel2_all_decur,IdentityDecoder,optimized,50,16,3614,100%,32,0.0241049339778712,0.0006317522129654,0.95695698261261
big_earth_net,Multilabel_F1_Score,early_stopping_50_data_100_perc_ssl4eos12_resnet50_sentinel2_all_decur_true,1.00x train,ssl4eos12_resnet50_sentinel2_all_decur,IdentityDecoder,optimized,50,16,4838,100%,32,0.0006609967274643,0.0001244735178777,0.6715825200080872
big_earth_net,Multilabel_F1_Score,early_stopping_50_data_100_perc_ssl4eos12_resnet50_sentinel2_all_decur_true,1.00x train,ssl4eos12_resnet50_sentinel2_all_decur,IdentityDecoder,optimized,50,16,713,100%,32,0.0006609967274643,0.0001244735178777,0.6624463200569153
big_earth_net,Multilabel_F1_Score,early_stopping_50_data_100_perc_ssl4eos12_resnet50_sentinel2_all_decur_true,1.00x train,ssl4eos12_resnet50_sentinel2_all_decur,IdentityDecoder,optimized,50,16,4468,100%,32,0.0006609967274643,0.0001244735178777,0.6741133332252502
big_earth_net,Multilabel_F1_Score,early_stopping_50_data_100_perc_ssl4eos12_resnet50_sentinel2_all_decur_true,1.00x train,ssl4eos12_resnet50_sentinel2_all_decur,IdentityDecoder,optimized,50,16,840,100%,32,0.0006609967274643,0.0001244735178777,0.6756007671356201
big_earth_net,Multilabel_F1_Score,early_stopping_50_data_100_perc_ssl4eos12_resnet50_sentinel2_all_decur_true,1.00x train,ssl4eos12_resnet50_sentinel2_all_decur,IdentityDecoder,optimized,50,16,1144,100%,32,0.0006609967274643,0.0001244735178777,0.6727983355522156
big_earth_net,Multilabel_F1_Score,early_stopping_50_data_100_perc_ssl4eos12_resnet50_sentinel2_all_decur_true,1.00x train,ssl4eos12_resnet50_sentinel2_all_decur,IdentityDecoder,optimized,50,16,1829,100%,32,0.0006609967274643,0.0001244735178777,0.6618573069572449
big_earth_net,Multilabel_F1_Score,early_stopping_50_data_100_perc_ssl4eos12_resnet50_sentinel2_all_decur_true,1.00x train,ssl4eos12_resnet50_sentinel2_all_decur,IdentityDecoder,optimized,50,16,2007,100%,32,0.0006609967274643,0.0001244735178777,0.6743751168251038
big_earth_net,Multilabel_F1_Score,early_stopping_50_data_100_perc_ssl4eos12_resnet50_sentinel2_all_decur_true,1.00x train,ssl4eos12_resnet50_sentinel2_all_decur,IdentityDecoder,optimized,50,16,2254,100%,32,0.0006609967274643,0.0001244735178777,0.6706086993217468
big_earth_net,Multilabel_F1_Score,early_stopping_50_data_100_perc_ssl4eos12_resnet50_sentinel2_all_decur_true,1.00x train,ssl4eos12_resnet50_sentinel2_all_decur,IdentityDecoder,optimized,50,16,205,100%,32,0.0006609967274643,0.0001244735178777,0.6765933632850647
big_earth_net,Multilabel_F1_Score,early_stopping_50_data_100_perc_ssl4eos12_resnet50_sentinel2_all_decur_true,1.00x train,ssl4eos12_resnet50_sentinel2_all_decur,IdentityDecoder,optimized,50,16,913,100%,32,0.0006609967274643,0.0001244735178777,0.6776209473609924
eurosat,Overall_Accuracy,early_stopping_50_data_100_perc_ssl4eos12_resnet50_sentinel2_all_decur_true,1.00x train,ssl4eos12_resnet50_sentinel2_all_decur,IdentityDecoder,optimized,50,16,1698,100%,16,0.1849003044425631,0.0001063634870237,0.9539999961853028
eurosat,Overall_Accuracy,early_stopping_50_data_100_perc_ssl4eos12_resnet50_sentinel2_all_decur_true,1.00x train,ssl4eos12_resnet50_sentinel2_all_decur,IdentityDecoder,optimized,50,16,3146,100%,16,0.1849003044425631,0.0001063634870237,0.9539999961853028
eurosat,Overall_Accuracy,early_stopping_50_data_100_perc_ssl4eos12_resnet50_sentinel2_all_decur_true,1.00x train,ssl4eos12_resnet50_sentinel2_all_decur,IdentityDecoder,optimized,50,16,4144,100%,16,0.1849003044425631,0.0001063634870237,0.9639999866485596
eurosat,Overall_Accuracy,early_stopping_50_data_100_perc_ssl4eos12_resnet50_sentinel2_all_decur_true,1.00x train,ssl4eos12_resnet50_sentinel2_all_decur,IdentityDecoder,optimized,50,16,3064,100%,16,0.1849003044425631,0.0001063634870237,0.9660000205039978
eurosat,Overall_Accuracy,early_stopping_50_data_100_perc_ssl4eos12_resnet50_sentinel2_all_decur_true,1.00x train,ssl4eos12_resnet50_sentinel2_all_decur,IdentityDecoder,optimized,50,16,2803,100%,16,0.1849003044425631,0.0001063634870237,0.9430000185966492
eurosat,Overall_Accuracy,early_stopping_50_data_100_perc_ssl4eos12_resnet50_sentinel2_all_decur_true,1.00x train,ssl4eos12_resnet50_sentinel2_all_decur,IdentityDecoder,optimized,50,16,1624,100%,16,0.1849003044425631,0.0001063634870237,0.9760000109672546
eurosat,Overall_Accuracy,early_stopping_50_data_100_perc_ssl4eos12_resnet50_sentinel2_all_decur_true,1.00x train,ssl4eos12_resnet50_sentinel2_all_decur,IdentityDecoder,optimized,50,16,614,100%,16,0.1849003044425631,0.0001063634870237,0.9559999704360962
eurosat,Overall_Accuracy,early_stopping_50_data_100_perc_ssl4eos12_resnet50_sentinel2_all_decur_true,1.00x train,ssl4eos12_resnet50_sentinel2_all_decur,IdentityDecoder,optimized,50,16,2735,100%,16,0.1849003044425631,0.0001063634870237,0.9580000042915344
eurosat,Overall_Accuracy,early_stopping_50_data_100_perc_ssl4eos12_resnet50_sentinel2_all_decur_true,1.00x train,ssl4eos12_resnet50_sentinel2_all_decur,IdentityDecoder,optimized,50,16,2931,100%,16,0.1849003044425631,0.0001063634870237,0.9639999866485596
eurosat,Overall_Accuracy,early_stopping_50_data_100_perc_ssl4eos12_resnet50_sentinel2_all_decur_true,1.00x train,ssl4eos12_resnet50_sentinel2_all_decur,IdentityDecoder,optimized,50,16,2808,100%,16,0.1849003044425631,0.0001063634870237,0.9480000138282776
forestnet,Overall_Accuracy,early_stopping_50_data_100_perc_ssl4eos12_resnet50_sentinel2_all_decur_true,1.00x train,ssl4eos12_resnet50_sentinel2_all_decur,IdentityDecoder,optimized,50,16,272,100%,32,0.0028788214595454,6.027942222485105e-05,0.4803625345230102
forestnet,Overall_Accuracy,early_stopping_50_data_100_perc_ssl4eos12_resnet50_sentinel2_all_decur_true,1.00x train,ssl4eos12_resnet50_sentinel2_all_decur,IdentityDecoder,optimized,50,16,719,100%,32,0.0028788214595454,6.027942222485105e-05,0.5075528621673584
forestnet,Overall_Accuracy,early_stopping_50_data_100_perc_ssl4eos12_resnet50_sentinel2_all_decur_true,1.00x train,ssl4eos12_resnet50_sentinel2_all_decur,IdentityDecoder,optimized,50,16,2115,100%,32,0.0028788214595454,6.027942222485105e-05,0.5629405975341797
forestnet,Overall_Accuracy,early_stopping_50_data_100_perc_ssl4eos12_resnet50_sentinel2_all_decur_true,1.00x train,ssl4eos12_resnet50_sentinel2_all_decur,IdentityDecoder,optimized,50,16,4503,100%,32,0.0028788214595454,6.027942222485105e-05,0.5156092643737793
forestnet,Overall_Accuracy,early_stopping_50_data_100_perc_ssl4eos12_resnet50_sentinel2_all_decur_true,1.00x train,ssl4eos12_resnet50_sentinel2_all_decur,IdentityDecoder,optimized,50,16,940,100%,32,0.0028788214595454,6.027942222485105e-05,0.5276938676834106
forestnet,Overall_Accuracy,early_stopping_50_data_100_perc_ssl4eos12_resnet50_sentinel2_all_decur_true,1.00x train,ssl4eos12_resnet50_sentinel2_all_decur,IdentityDecoder,optimized,50,16,3361,100%,32,0.0028788214595454,6.027942222485105e-05,0.5236656665802002
forestnet,Overall_Accuracy,early_stopping_50_data_100_perc_ssl4eos12_resnet50_sentinel2_all_decur_true,1.00x train,ssl4eos12_resnet50_sentinel2_all_decur,IdentityDecoder,optimized,50,16,543,100%,32,0.0028788214595454,6.027942222485105e-05,0.5085599422454834
forestnet,Overall_Accuracy,early_stopping_50_data_100_perc_ssl4eos12_resnet50_sentinel2_all_decur_true,1.00x train,ssl4eos12_resnet50_sentinel2_all_decur,IdentityDecoder,optimized,50,16,1667,100%,32,0.0028788214595454,6.027942222485105e-05,0.5357502698898315
forestnet,Overall_Accuracy,early_stopping_50_data_100_perc_ssl4eos12_resnet50_sentinel2_all_decur_true,1.00x train,ssl4eos12_resnet50_sentinel2_all_decur,IdentityDecoder,optimized,50,16,1312,100%,32,0.0028788214595454,6.027942222485105e-05,0.52064448595047
forestnet,Overall_Accuracy,early_stopping_50_data_100_perc_ssl4eos12_resnet50_sentinel2_all_decur_true,1.00x train,ssl4eos12_resnet50_sentinel2_all_decur,IdentityDecoder,optimized,50,16,3415,100%,32,0.0028788214595454,6.027942222485105e-05,0.5287008881568909
