dataset,Metric,test metric,mlflow_run_name,mlflow_run_id,mlflow_run_status,Seed,experiment_id,experiment_name,index,batch_size,lr,decoder,backbone,early_stop_patience,n_trials,partition_name,data_percentages,batch_size_selection,weight_decay,partition name,frozen_or_full_ft
kuro_siwo,Multiclass_Jaccard_Index,0.7027350068092346,kuro_siwo_mean_1829,8bf0b18e42534cfeb28c95c4d223b139,FINISHED,1829,352948250742384064,final_main_dofa_large_patch16_224,0,16,2.1734651841007975e-05,UNet,dofa_large_patch16_224,10.0,16,default,100,HPO,0.01,100%,full_ft
kuro_siwo,Multiclass_Jaccard_Index,0.696682870388031,kuro_siwo_mean_2007,8cf11995a0a041bf964f50e6a59208e3,FINISHED,2007,352948250742384064,final_main_dofa_large_patch16_224,0,16,2.1734651841007975e-05,UNet,dofa_large_patch16_224,10.0,16,default,100,HPO,0.01,100%,full_ft
kuro_siwo,Multiclass_Jaccard_Index,0.6902852058410645,kuro_siwo_mean_913,b478d9f5d81f421081d91948db7e9118,FINISHED,913,352948250742384064,final_main_dofa_large_patch16_224,0,16,2.1734651841007975e-05,UNet,dofa_large_patch16_224,10.0,16,default,100,HPO,0.01,100%,full_ft
kuro_siwo,Multiclass_Jaccard_Index,0.6930838823318481,kuro_siwo_mean_2254,f9d5eaef63694c96aefa64d6c0717971,FINISHED,2254,352948250742384064,final_main_dofa_large_patch16_224,0,16,2.1734651841007975e-05,UNet,dofa_large_patch16_224,10.0,16,default,100,HPO,0.01,100%,full_ft
kuro_siwo,Multiclass_Jaccard_Index,0.7017667293548584,kuro_siwo_mean_205,fb918750211d4607b77be91ac4386db3,FINISHED,205,352948250742384064,final_main_dofa_large_patch16_224,0,16,2.1734651841007975e-05,UNet,dofa_large_patch16_224,10.0,16,default,100,HPO,0.01,100%,full_ft
benv2,Multilabel_F1_Score,0.7661927342414856,benv2_913,93bfa5abd6624479a57f50dd7b652d89,FINISHED,913,187261838745675157,final_main_terramind_v1_large,0,32,1.6854640185950023e-05,UNet,terramind_v1_large,10.0,16,default,100,HPO,0.01,100%,full_ft
benv2,Multilabel_F1_Score,0.7627988457679749,benv2_2007,9ed47b3c62734b0885809c27f83ef0ea,FINISHED,2007,187261838745675157,final_main_terramind_v1_large,0,32,1.6854640185950023e-05,UNet,terramind_v1_large,10.0,16,default,100,HPO,0.01,100%,full_ft
benv2,Multilabel_F1_Score,0.7654047012329102,benv2_205,a72a8e86fbfe4f0aad0f04c844343b64,FINISHED,205,187261838745675157,final_main_terramind_v1_large,0,32,1.6854640185950023e-05,UNet,terramind_v1_large,10.0,16,default,100,HPO,0.01,100%,full_ft
benv2,Multilabel_F1_Score,0.7620870471000671,benv2_2254,bef1608c103b440c8127ecfabc902510,FINISHED,2254,187261838745675157,final_main_terramind_v1_large,0,32,1.6854640185950023e-05,UNet,terramind_v1_large,10.0,16,default,100,HPO,0.01,100%,full_ft
benv2,Multilabel_F1_Score,0.7664718627929688,benv2_1829,ee32af4990e64a7cb4eeaf0ee1878703,FINISHED,1829,187261838745675157,final_main_terramind_v1_large,0,32,1.6854640185950023e-05,UNet,terramind_v1_large,10.0,16,default,100,HPO,0.01,100%,full_ft
biomassters,RMSE,0.9600617068058296,biomassters_3709,0d6679e9363847a293d595f7036727a1,FINISHED,3709,187261838745675157,final_main_terramind_v1_large,0,16,3.5687963643724935e-05,UNet,terramind_v1_large,10.0,16,default,100,HPO,0.01,100%,full_ft
biomassters,RMSE,0.960075930313406,biomassters_2004,7c38d0013d9c4b739103ae70c72bae42,FINISHED,2004,187261838745675157,final_main_terramind_v1_large,0,16,3.5687963643724935e-05,UNet,terramind_v1_large,10.0,16,default,100,HPO,0.01,100%,full_ft
biomassters,RMSE,0.9600184425339132,biomassters_517,835f47675ee64b78a247c37581f0bbc6,FINISHED,517,187261838745675157,final_main_terramind_v1_large,0,16,3.5687963643724935e-05,UNet,terramind_v1_large,10.0,16,default,100,HPO,0.01,100%,full_ft
biomassters,RMSE,0.9599535499078812,biomassters_3212,d44f8450d0b644018b2fb7f3777a251c,FINISHED,3212,187261838745675157,final_main_terramind_v1_large,0,16,3.5687963643724935e-05,UNet,terramind_v1_large,10.0,16,default,100,HPO,0.01,100%,full_ft
biomassters,RMSE,0.9600944613389646,biomassters_2181,e357564f8040497c8b79637f5be1aaf3,FINISHED,2181,187261838745675157,final_main_terramind_v1_large,0,16,3.5687963643724935e-05,UNet,terramind_v1_large,10.0,16,default,100,HPO,0.01,100%,full_ft
treesatai,Multilabel_F1_Score,0.6434163451194763,treesatai_1829,2c9433a138bd4e54a59a843bb6097fb6,FINISHED,1829,602968560747083429,final_main_dofa_large_patch16_224,0,16,1.4856303554806574e-05,UNet,dofa_large_patch16_224,10.0,16,default,100,HPO,0.01,100%,full_ft
treesatai,Multilabel_F1_Score,0.6427352428436279,treesatai_913,5f8c37a366114e73afca33786775ec18,FINISHED,913,602968560747083429,final_main_dofa_large_patch16_224,0,16,1.4856303554806574e-05,UNet,dofa_large_patch16_224,10.0,16,default,100,HPO,0.01,100%,full_ft
treesatai,Multilabel_F1_Score,0.6456222534179688,treesatai_2254,7efd840abb6f439fb5fc51295ce4ad14,FINISHED,2254,602968560747083429,final_main_dofa_large_patch16_224,0,16,1.4856303554806574e-05,UNet,dofa_large_patch16_224,10.0,16,default,100,HPO,0.01,100%,full_ft
treesatai,Multilabel_F1_Score,0.6432837843894958,treesatai_205,80c571e4fa52436e9485732821a35d02,FINISHED,205,602968560747083429,final_main_dofa_large_patch16_224,0,16,1.4856303554806574e-05,UNet,dofa_large_patch16_224,10.0,16,default,100,HPO,0.01,100%,full_ft
treesatai,Multilabel_F1_Score,0.6295856237411499,treesatai_2007,914141bf92794bbd8e7635c0a12caecc,FINISHED,2007,602968560747083429,final_main_dofa_large_patch16_224,0,16,1.4856303554806574e-05,UNet,dofa_large_patch16_224,10.0,16,default,100,HPO,0.01,100%,full_ft
cloudsen12,Multiclass_Jaccard_Index,0.6083433628082275,cloudsen12_2007,0c7bfe38cdd9408b9a7c4ea368549d05,FINISHED,2007,602968560747083429,final_main_dofa_large_patch16_224,0,16,7.01219601133369e-05,UNet,dofa_large_patch16_224,10.0,16,default,100,HPO,0.01,100%,full_ft
cloudsen12,Multiclass_Jaccard_Index,0.6143325567245483,cloudsen12_913,193a0cb48eb442f4828c1b6bc26d6094,FINISHED,913,602968560747083429,final_main_dofa_large_patch16_224,0,16,7.01219601133369e-05,UNet,dofa_large_patch16_224,10.0,16,default,100,HPO,0.01,100%,full_ft
cloudsen12,Multiclass_Jaccard_Index,0.6288191080093384,cloudsen12_1829,6aa2aab0569d488cbbdd650fc3f6ee03,FINISHED,1829,602968560747083429,final_main_dofa_large_patch16_224,0,16,7.01219601133369e-05,UNet,dofa_large_patch16_224,10.0,16,default,100,HPO,0.01,100%,full_ft
cloudsen12,Multiclass_Jaccard_Index,0.6256763339042664,cloudsen12_205,abbbced195a345c484c4f81a6b9a3a41,FINISHED,205,602968560747083429,final_main_dofa_large_patch16_224,0,16,7.01219601133369e-05,UNet,dofa_large_patch16_224,10.0,16,default,100,HPO,0.01,100%,full_ft
cloudsen12,Multiclass_Jaccard_Index,0.5966204404830933,cloudsen12_2254,b392c01b01dc4cde8ee5871bf71bfe8f,FINISHED,2254,602968560747083429,final_main_dofa_large_patch16_224,0,16,7.01219601133369e-05,UNet,dofa_large_patch16_224,10.0,16,default,100,HPO,0.01,100%,full_ft
dynamic_earthnet,Multiclass_Jaccard_Index,0.2227849066257476,dynamic_earthnet_2007,274e7995347f47fa842330476948b6f8,FINISHED,2007,602968560747083429,final_main_dofa_large_patch16_224,0,8,0.0001225410111414,UNet,dofa_large_patch16_224,10.0,16,default,100,HPO,0.01,100%,full_ft
dynamic_earthnet,Multiclass_Jaccard_Index,0.1974807381629943,dynamic_earthnet_2254,5e45f39ec2dc45f5b37350653b93fdab,FINISHED,2254,602968560747083429,final_main_dofa_large_patch16_224,0,8,0.0001225410111414,UNet,dofa_large_patch16_224,10.0,16,default,100,HPO,0.01,100%,full_ft
dynamic_earthnet,Multiclass_Jaccard_Index,0.2498252987861633,dynamic_earthnet_1829,88d23a9ef15240c6a56d52f7884187bf,FINISHED,1829,602968560747083429,final_main_dofa_large_patch16_224,0,8,0.0001225410111414,UNet,dofa_large_patch16_224,10.0,16,default,100,HPO,0.01,100%,full_ft
dynamic_earthnet,Multiclass_Jaccard_Index,0.2542161047458648,dynamic_earthnet_205,bf867a28362c4b17a7bb54c8db19895a,FINISHED,205,602968560747083429,final_main_dofa_large_patch16_224,0,8,0.0001225410111414,UNet,dofa_large_patch16_224,10.0,16,default,100,HPO,0.01,100%,full_ft
dynamic_earthnet,Multiclass_Jaccard_Index,0.3165871500968933,dynamic_earthnet_913,f09a0b7ead7d40918d715f7286cf2001,FINISHED,913,602968560747083429,final_main_dofa_large_patch16_224,0,8,0.0001225410111414,UNet,dofa_large_patch16_224,10.0,16,default,100,HPO,0.01,100%,full_ft
forestnet,Overall_Accuracy,0.5438066720962524,forestnet_2007,4d6bcb60f3d641a89bc6c1de9b92ff27,FINISHED,2007,602968560747083429,final_main_dofa_large_patch16_224,0,16,7.529707471348659e-06,UNet,dofa_large_patch16_224,10.0,16,default,100,HPO,0.01,100%,full_ft
forestnet,Overall_Accuracy,0.5548841953277588,forestnet_205,4f531a7701dc4b2cbd52d6a45e5421f9,FINISHED,205,602968560747083429,final_main_dofa_large_patch16_224,0,16,7.529707471348659e-06,UNet,dofa_large_patch16_224,10.0,16,default,100,HPO,0.01,100%,full_ft
forestnet,Overall_Accuracy,0.5518630146980286,forestnet_1829,9785e60235e947e384dec4fc3d7d6770,FINISHED,1829,602968560747083429,final_main_dofa_large_patch16_224,0,16,7.529707471348659e-06,UNet,dofa_large_patch16_224,10.0,16,default,100,HPO,0.01,100%,full_ft
forestnet,Overall_Accuracy,0.5417925715446472,forestnet_913,b223f3941d494872980ff3befd0c8b93,FINISHED,913,602968560747083429,final_main_dofa_large_patch16_224,0,16,7.529707471348659e-06,UNet,dofa_large_patch16_224,10.0,16,default,100,HPO,0.01,100%,full_ft
forestnet,Overall_Accuracy,0.5709969997406006,forestnet_2254,cc43ff06c90e4a00aedf53dde37fe8b4,FINISHED,2254,602968560747083429,final_main_dofa_large_patch16_224,0,16,7.529707471348659e-06,UNet,dofa_large_patch16_224,10.0,16,default,100,HPO,0.01,100%,full_ft
spacenet2,Multiclass_Jaccard_Index,0.8707944750785828,spacenet2_2254,752b0a638ce9427f9b3fbad0b3d3892b,FINISHED,2254,602968560747083429,final_main_dofa_large_patch16_224,0,32,1.5596487626570115e-05,UNet,dofa_large_patch16_224,10.0,16,default,100,HPO,0.01,100%,full_ft
spacenet2,Multiclass_Jaccard_Index,0.8679686188697815,spacenet2_205,9b77ff78cb0b45c085ce433239bf391d,FINISHED,205,602968560747083429,final_main_dofa_large_patch16_224,0,32,1.5596487626570115e-05,UNet,dofa_large_patch16_224,10.0,16,default,100,HPO,0.01,100%,full_ft
spacenet2,Multiclass_Jaccard_Index,0.868889570236206,spacenet2_2007,c8191395b80f455099bb26301dd0f888,FINISHED,2007,602968560747083429,final_main_dofa_large_patch16_224,0,32,1.5596487626570115e-05,UNet,dofa_large_patch16_224,10.0,16,default,100,HPO,0.01,100%,full_ft
spacenet2,Multiclass_Jaccard_Index,0.8709847927093506,spacenet2_1829,f3cf167614db49f1887353607ff0adab,FINISHED,1829,602968560747083429,final_main_dofa_large_patch16_224,0,32,1.5596487626570115e-05,UNet,dofa_large_patch16_224,10.0,16,default,100,HPO,0.01,100%,full_ft
spacenet2,Multiclass_Jaccard_Index,0.8698230981826782,spacenet2_913,fe23665c5bfb47ad8a8082ef00ec9e34,FINISHED,913,602968560747083429,final_main_dofa_large_patch16_224,0,32,1.5596487626570115e-05,UNet,dofa_large_patch16_224,10.0,16,default,100,HPO,0.01,100%,full_ft
fotw,Multiclass_Jaccard_Index,0.5704560279846191,fotw_2254,34410287f59b41e39c0bd8bba66129f7,FINISHED,2254,602968560747083429,final_main_dofa_large_patch16_224,0,32,8.128380314143639e-05,UNet,dofa_large_patch16_224,10.0,16,default,100,HPO,0.01,100%,full_ft
fotw,Multiclass_Jaccard_Index,0.5707604885101318,fotw_1829,5f876fe2f93f4c798d4ae1a8cab0e438,FINISHED,1829,602968560747083429,final_main_dofa_large_patch16_224,0,32,8.128380314143639e-05,UNet,dofa_large_patch16_224,10.0,16,default,100,HPO,0.01,100%,full_ft
fotw,Multiclass_Jaccard_Index,0.5685666799545288,fotw_205,622e20a7dcf844f8a90073f8495aa4ec,FINISHED,205,602968560747083429,final_main_dofa_large_patch16_224,0,32,8.128380314143639e-05,UNet,dofa_large_patch16_224,10.0,16,default,100,HPO,0.01,100%,full_ft
fotw,Multiclass_Jaccard_Index,0.5764850378036499,fotw_913,62bdc75f599a42688f836dddda074c3f,FINISHED,913,602968560747083429,final_main_dofa_large_patch16_224,0,32,8.128380314143639e-05,UNet,dofa_large_patch16_224,10.0,16,default,100,HPO,0.01,100%,full_ft
fotw,Multiclass_Jaccard_Index,0.5762674808502197,fotw_2007,8fb093eed1594b93888c9321ea6f5d99,FINISHED,2007,602968560747083429,final_main_dofa_large_patch16_224,0,32,8.128380314143639e-05,UNet,dofa_large_patch16_224,10.0,16,default,100,HPO,0.01,100%,full_ft
caffe,Multiclass_Jaccard_Index,0.6207649111747742,caffe_2007,43c6708d451c4ca4bcfec193f889d855,FINISHED,2007,602968560747083429,final_main_dofa_large_patch16_224,0,8,8.979909406203737e-06,UNet,dofa_large_patch16_224,10.0,16,default,100,HPO,0.01,100%,full_ft
caffe,Multiclass_Jaccard_Index,0.6483673453330994,caffe_205,45b92a6aca2a45b69a2a914d1e8dfe65,FINISHED,205,602968560747083429,final_main_dofa_large_patch16_224,0,8,8.979909406203737e-06,UNet,dofa_large_patch16_224,10.0,16,default,100,HPO,0.01,100%,full_ft
caffe,Multiclass_Jaccard_Index,0.6169370412826538,caffe_2254,71384199fef54e389d97a5aa9df05c24,FINISHED,2254,602968560747083429,final_main_dofa_large_patch16_224,0,8,8.979909406203737e-06,UNet,dofa_large_patch16_224,10.0,16,default,100,HPO,0.01,100%,full_ft
caffe,Multiclass_Jaccard_Index,0.6701884269714355,caffe_913,94f135f67e9b4115a1e21d9368900c4d,FINISHED,913,602968560747083429,final_main_dofa_large_patch16_224,0,8,8.979909406203737e-06,UNet,dofa_large_patch16_224,10.0,16,default,100,HPO,0.01,100%,full_ft
caffe,Multiclass_Jaccard_Index,0.6350060105323792,caffe_1829,cea6958e29654faeb171394d1b426f7c,FINISHED,1829,602968560747083429,final_main_dofa_large_patch16_224,0,8,8.979909406203737e-06,UNet,dofa_large_patch16_224,10.0,16,default,100,HPO,0.01,100%,full_ft
burn_scars,Multiclass_Jaccard_Index,0.8865088224411011,burn_scars_1829,47ef0e9e50574d4193f047b61fa419af,FINISHED,1829,602968560747083429,final_main_dofa_large_patch16_224,0,32,1.860940083914165e-05,UNet,dofa_large_patch16_224,10.0,16,default,100,HPO,0.01,100%,full_ft
burn_scars,Multiclass_Jaccard_Index,0.8995709419250488,burn_scars_2007,4cdd7cb0a402479cbd309863d0d1709f,FINISHED,2007,602968560747083429,final_main_dofa_large_patch16_224,0,32,1.860940083914165e-05,UNet,dofa_large_patch16_224,10.0,16,default,100,HPO,0.01,100%,full_ft
burn_scars,Multiclass_Jaccard_Index,0.8901950120925903,burn_scars_913,87d867e03ed74dd9aa50a64920eca51b,FINISHED,913,602968560747083429,final_main_dofa_large_patch16_224,0,32,1.860940083914165e-05,UNet,dofa_large_patch16_224,10.0,16,default,100,HPO,0.01,100%,full_ft
burn_scars,Multiclass_Jaccard_Index,0.8866046667098999,burn_scars_205,8ace465629784870918db6887da14778,FINISHED,205,602968560747083429,final_main_dofa_large_patch16_224,0,32,1.860940083914165e-05,UNet,dofa_large_patch16_224,10.0,16,default,100,HPO,0.01,100%,full_ft
burn_scars,Multiclass_Jaccard_Index,0.8964208960533142,burn_scars_2254,d2ef7358586449f3b5c8745c80cb42d2,FINISHED,2254,602968560747083429,final_main_dofa_large_patch16_224,0,32,1.860940083914165e-05,UNet,dofa_large_patch16_224,10.0,16,default,100,HPO,0.01,100%,full_ft
pastis,Multiclass_Jaccard_Index,0.3643054366111755,pastis_3828,175c080fbf164875b9eb0755b26d1a85,FINISHED,3828,602968560747083429,final_main_dofa_large_patch16_224,0,16,0.0001772335383556,UNet,dofa_large_patch16_224,10.0,16,default,100,HPO,0.01,100%,full_ft
pastis,Multiclass_Jaccard_Index,0.3606434166431427,pastis_4498,843693ed0acf4446b609c367e8486bab,FINISHED,4498,602968560747083429,final_main_dofa_large_patch16_224,0,16,0.0001772335383556,UNet,dofa_large_patch16_224,10.0,16,default,100,HPO,0.01,100%,full_ft
pastis,Multiclass_Jaccard_Index,0.373330682516098,pastis_3994,a8f6992888884b3fbb798642ed9d4223,FINISHED,3994,602968560747083429,final_main_dofa_large_patch16_224,0,16,0.0001772335383556,UNet,dofa_large_patch16_224,10.0,16,default,100,HPO,0.01,100%,full_ft
pastis,Multiclass_Jaccard_Index,0.3611724972724914,pastis_4959,d56fe442d7494230ae309402f4e980ed,FINISHED,4959,602968560747083429,final_main_dofa_large_patch16_224,0,16,0.0001772335383556,UNet,dofa_large_patch16_224,10.0,16,default,100,HPO,0.01,100%,full_ft
pastis,Multiclass_Jaccard_Index,0.3584975600242615,pastis_2138,e7050f80f2a043628e3ac34fe600f90f,FINISHED,2138,602968560747083429,final_main_dofa_large_patch16_224,0,16,0.0001772335383556,UNet,dofa_large_patch16_224,10.0,16,default,100,HPO,0.01,100%,full_ft
benv2,Multilabel_F1_Score,0.7438075542449951,benv2_2007,0b48b11457214766ba7f73274f3ab6ae,FINISHED,2007,602968560747083429,final_main_dofa_large_patch16_224,0,8,1.8432765430149102e-05,UNet,dofa_large_patch16_224,10.0,16,default,100,HPO,0.01,100%,full_ft
benv2,Multilabel_F1_Score,0.746505856513977,benv2_1829,5386f90e29804fa285c408ad8caf0aca,FINISHED,1829,602968560747083429,final_main_dofa_large_patch16_224,0,8,1.8432765430149102e-05,UNet,dofa_large_patch16_224,10.0,16,default,100,HPO,0.01,100%,full_ft
benv2,Multilabel_F1_Score,0.7387846112251282,benv2_2254,59bdca639654431597ca6ee7e1b7e0a7,FINISHED,2254,602968560747083429,final_main_dofa_large_patch16_224,0,8,1.8432765430149102e-05,UNet,dofa_large_patch16_224,10.0,16,default,100,HPO,0.01,100%,full_ft
benv2,Multilabel_F1_Score,0.7331004738807678,benv2_205,b17277691f384aa19b68b6027f6585a3,FINISHED,205,602968560747083429,final_main_dofa_large_patch16_224,0,8,1.8432765430149102e-05,UNet,dofa_large_patch16_224,10.0,16,default,100,HPO,0.01,100%,full_ft
benv2,Multilabel_F1_Score,0.7418051958084106,benv2_913,d7b9751ad6a54accaf2eaf9b92bb8837,FINISHED,913,602968560747083429,final_main_dofa_large_patch16_224,0,8,1.8432765430149102e-05,UNet,dofa_large_patch16_224,10.0,16,default,100,HPO,0.01,100%,full_ft
spacenet7,Multiclass_Jaccard_Index,0.5852291584014893,spacenet7_1829,20621f87303540459bfdd532a776a22d,FINISHED,1829,602968560747083429,final_main_dofa_large_patch16_224,0,16,6.896963289323795e-05,UNet,dofa_large_patch16_224,10.0,16,default,100,HPO,0.01,100%,full_ft
spacenet7,Multiclass_Jaccard_Index,0.5895407795906067,spacenet7_2007,4eecaa23d018446aacf10a46ba9fc68f,FINISHED,2007,602968560747083429,final_main_dofa_large_patch16_224,0,16,6.896963289323795e-05,UNet,dofa_large_patch16_224,10.0,16,default,100,HPO,0.01,100%,full_ft
spacenet7,Multiclass_Jaccard_Index,0.5664384365081787,spacenet7_913,933a40f9d02f481bbdf40327e922d24a,FINISHED,913,602968560747083429,final_main_dofa_large_patch16_224,0,16,6.896963289323795e-05,UNet,dofa_large_patch16_224,10.0,16,default,100,HPO,0.01,100%,full_ft
spacenet7,Multiclass_Jaccard_Index,0.5767611861228943,spacenet7_205,a971911204de4355bcd98dcd0e24ef42,FINISHED,205,602968560747083429,final_main_dofa_large_patch16_224,0,16,6.896963289323795e-05,UNet,dofa_large_patch16_224,10.0,16,default,100,HPO,0.01,100%,full_ft
spacenet7,Multiclass_Jaccard_Index,0.5797898769378662,spacenet7_2254,f4ced3e0f6ae4199b4e8cea45c7a154a,FINISHED,2254,602968560747083429,final_main_dofa_large_patch16_224,0,16,6.896963289323795e-05,UNet,dofa_large_patch16_224,10.0,16,default,100,HPO,0.01,100%,full_ft
flair2,Multiclass_Jaccard_Index,0.5243004560470581,flair2_1829,175928a05cc34d54bf95b6582d9af28a,FINISHED,1829,602968560747083429,final_main_dofa_large_patch16_224,0,8,6.8882846462248425e-06,UNet,dofa_large_patch16_224,10.0,16,default,100,HPO,0.01,100%,full_ft
flair2,Multiclass_Jaccard_Index,0.5314410328865051,flair2_913,57dae9985db04f4595cf3975759a86a5,FINISHED,913,602968560747083429,final_main_dofa_large_patch16_224,0,8,6.8882846462248425e-06,UNet,dofa_large_patch16_224,10.0,16,default,100,HPO,0.01,100%,full_ft
flair2,Multiclass_Jaccard_Index,0.5262851715087891,flair2_2254,66efe7141914457abc40f48d003a2eef,FINISHED,2254,602968560747083429,final_main_dofa_large_patch16_224,0,8,6.8882846462248425e-06,UNet,dofa_large_patch16_224,10.0,16,default,100,HPO,0.01,100%,full_ft
flair2,Multiclass_Jaccard_Index,0.5236417651176453,flair2_205,6bf6974e97614498bf62b94dd59b3297,FINISHED,205,602968560747083429,final_main_dofa_large_patch16_224,0,8,6.8882846462248425e-06,UNet,dofa_large_patch16_224,10.0,16,default,100,HPO,0.01,100%,full_ft
flair2,Multiclass_Jaccard_Index,0.5276963710784912,flair2_2007,d57653ff21014f0891e061cfdf6740cc,FINISHED,2007,602968560747083429,final_main_dofa_large_patch16_224,0,8,6.8882846462248425e-06,UNet,dofa_large_patch16_224,10.0,16,default,100,HPO,0.01,100%,full_ft
so2sat,Overall_Accuracy,0.6237322688102722,so2sat_205,1c9fbeded1774ffa8967e5f05bace4cb,FINISHED,205,602968560747083429,final_main_dofa_large_patch16_224,0,32,7.704775944514587e-06,UNet,dofa_large_patch16_224,10.0,16,default,100,HPO,0.01,100%,full_ft
so2sat,Overall_Accuracy,0.6277890205383301,so2sat_2007,233e7095159142dc839ac2274e9fa407,FINISHED,2007,602968560747083429,final_main_dofa_large_patch16_224,0,32,7.704775944514587e-06,UNet,dofa_large_patch16_224,10.0,16,default,100,HPO,0.01,100%,full_ft
so2sat,Overall_Accuracy,0.6135902404785156,so2sat_2254,5923296a78184290b94ea7b2f27bd6e5,FINISHED,2254,602968560747083429,final_main_dofa_large_patch16_224,0,32,7.704775944514587e-06,UNet,dofa_large_patch16_224,10.0,16,default,100,HPO,0.01,100%,full_ft
so2sat,Overall_Accuracy,0.6085192561149597,so2sat_913,7c3a1ffccf14403cbe16645f37f7a52e,FINISHED,913,602968560747083429,final_main_dofa_large_patch16_224,0,32,7.704775944514587e-06,UNet,dofa_large_patch16_224,10.0,16,default,100,HPO,0.01,100%,full_ft
so2sat,Overall_Accuracy,0.6004056930541992,so2sat_1829,918f557298d54fe7a8b51b4998c006d2,FINISHED,1829,602968560747083429,final_main_dofa_large_patch16_224,0,32,7.704775944514587e-06,UNet,dofa_large_patch16_224,10.0,16,default,100,HPO,0.01,100%,full_ft
biomassters,RMSE,0.9558932320251284,biomassters_205,18a3169412e648159ba6a0329eda4892,FINISHED,205,744656354097600381,final_main_dofa_large_patch16_224,0,32,0.0001600422501584,UNet,dofa_large_patch16_224,10.0,16,default,100,HPO,0.01,100%,full_ft
biomassters,RMSE,0.9561515885579914,biomassters_913,264415783a664a0780da1e88a91fce93,FINISHED,913,744656354097600381,final_main_dofa_large_patch16_224,0,32,0.0001600422501584,UNet,dofa_large_patch16_224,10.0,16,default,100,HPO,0.01,100%,full_ft
biomassters,RMSE,0.9563273420989667,biomassters_2254,8214cbc3006148499bf9b4d7a04135b1,FINISHED,2254,744656354097600381,final_main_dofa_large_patch16_224,0,32,0.0001600422501584,UNet,dofa_large_patch16_224,10.0,16,default,100,HPO,0.01,100%,full_ft
biomassters,RMSE,0.9562463463899084,biomassters_2007,e0049a87b64044f4b0f78a00dfff7864,FINISHED,2007,744656354097600381,final_main_dofa_large_patch16_224,0,32,0.0001600422501584,UNet,dofa_large_patch16_224,10.0,16,default,100,HPO,0.01,100%,full_ft
biomassters,RMSE,0.955642991325092,biomassters_1829,e811b895b9524bcf91623cfd9d1d2782,FINISHED,1829,744656354097600381,final_main_dofa_large_patch16_224,0,32,0.0001600422501584,UNet,dofa_large_patch16_224,10.0,16,default,100,HPO,0.01,100%,full_ft
biomassters,RMSE,0.9573879029464148,biomassters_2007,1036c854e21d4f1c8a733ce8732aef4c,FINISHED,2007,255611966290211098,final_main_clay_v1_base,0,8,0.0001510693802786,UNet,clay_v1_base,10.0,16,default,100,HPO,0.01,100%,full_ft
biomassters,RMSE,0.9575604343580482,biomassters_205,3619b9b9de7a4d4ba80605b72c0eaf9a,FINISHED,205,255611966290211098,final_main_clay_v1_base,0,8,0.0001510693802786,UNet,clay_v1_base,10.0,16,default,100,HPO,0.01,100%,full_ft
biomassters,RMSE,0.9575122120913346,biomassters_2254,4d7f37d3b0ea4eaa8b842bf92c2332a6,FINISHED,2254,255611966290211098,final_main_clay_v1_base,0,8,0.0001510693802786,UNet,clay_v1_base,10.0,16,default,100,HPO,0.01,100%,full_ft
biomassters,RMSE,0.957540802816482,biomassters_913,749f5759aec34b6bb5d54845357e3a50,FINISHED,913,255611966290211098,final_main_clay_v1_base,0,8,0.0001510693802786,UNet,clay_v1_base,10.0,16,default,100,HPO,0.01,100%,full_ft
biomassters,RMSE,0.957558218198665,biomassters_1829,e705392713f9476d84d260d9cca94eac,FINISHED,1829,255611966290211098,final_main_clay_v1_base,0,8,0.0001510693802786,UNet,clay_v1_base,10.0,16,default,100,HPO,0.01,100%,full_ft
treesatai,Multilabel_F1_Score,0.6082392334938049,treesatai_2007,033840637b5b413e98c8c4a93c354a16,FINISHED,2007,450828154493670864,final_main_terramind_v1_large,0,8,1.884527322686325e-05,UNet,terramind_v1_large,10.0,16,default,100,HPO,0.01,100%,full_ft
treesatai,Multilabel_F1_Score,0.6026829481124878,treesatai_1829,07316201f3c74ad686d396651fd15b4c,FINISHED,1829,450828154493670864,final_main_terramind_v1_large,0,8,1.884527322686325e-05,UNet,terramind_v1_large,10.0,16,default,100,HPO,0.01,100%,full_ft
treesatai,Multilabel_F1_Score,0.6134301424026489,treesatai_913,88a1381a6edc457c8c68f0e79a0f8c56,FINISHED,913,450828154493670864,final_main_terramind_v1_large,0,8,1.884527322686325e-05,UNet,terramind_v1_large,10.0,16,default,100,HPO,0.01,100%,full_ft
treesatai,Multilabel_F1_Score,0.6063681840896606,treesatai_205,9ce93db3dbf747a2946ffa5636242e0c,FINISHED,205,450828154493670864,final_main_terramind_v1_large,0,8,1.884527322686325e-05,UNet,terramind_v1_large,10.0,16,default,100,HPO,0.01,100%,full_ft
treesatai,Multilabel_F1_Score,0.6038383841514587,treesatai_2254,fef3efd9ec8c4e51ab53f57a5679d62d,FINISHED,2254,450828154493670864,final_main_terramind_v1_large,0,8,1.884527322686325e-05,UNet,terramind_v1_large,10.0,16,default,100,HPO,0.01,100%,full_ft
cloudsen12,Multiclass_Jaccard_Index,0.6427658796310425,cloudsen12_913,6a46441f69f64b198c9aa59e4d6f307c,FINISHED,913,450828154493670864,final_main_terramind_v1_large,0,8,7.996310139856582e-05,UNet,terramind_v1_large,10.0,16,default,100,HPO,0.01,100%,full_ft
cloudsen12,Multiclass_Jaccard_Index,0.6333767175674438,cloudsen12_2007,7782abff14e94db2b0a475a2630cab11,FINISHED,2007,450828154493670864,final_main_terramind_v1_large,0,8,7.996310139856582e-05,UNet,terramind_v1_large,10.0,16,default,100,HPO,0.01,100%,full_ft
cloudsen12,Multiclass_Jaccard_Index,0.6486442685127258,cloudsen12_2254,784dea19a46849f4bb145c4073c2501e,FINISHED,2254,450828154493670864,final_main_terramind_v1_large,0,8,7.996310139856582e-05,UNet,terramind_v1_large,10.0,16,default,100,HPO,0.01,100%,full_ft
cloudsen12,Multiclass_Jaccard_Index,0.6247012615203857,cloudsen12_205,c7b9d65df3724ed6b821d90ad35ef43e,FINISHED,205,450828154493670864,final_main_terramind_v1_large,0,8,7.996310139856582e-05,UNet,terramind_v1_large,10.0,16,default,100,HPO,0.01,100%,full_ft
cloudsen12,Multiclass_Jaccard_Index,0.6452000141143799,cloudsen12_1829,e705b56b8ca74d578d2fac8d7ac06e02,FINISHED,1829,450828154493670864,final_main_terramind_v1_large,0,8,7.996310139856582e-05,UNet,terramind_v1_large,10.0,16,default,100,HPO,0.01,100%,full_ft
dynamic_earthnet,Multiclass_Jaccard_Index,0.3228030800819397,dynamic_earthnet_1829,03bc8f8838ea4802a90819bd781eda99,FINISHED,1829,450828154493670864,final_main_terramind_v1_large,0,8,7.302073764938037e-05,UNet,terramind_v1_large,10.0,16,default,100,HPO,0.01,100%,full_ft
dynamic_earthnet,Multiclass_Jaccard_Index,0.3438019752502441,dynamic_earthnet_2254,12d3ed6f16e340e4a70fbf3cc66c1bff,FINISHED,2254,450828154493670864,final_main_terramind_v1_large,0,8,7.302073764938037e-05,UNet,terramind_v1_large,10.0,16,default,100,HPO,0.01,100%,full_ft
dynamic_earthnet,Multiclass_Jaccard_Index,0.3542783260345459,dynamic_earthnet_913,5d1e4ce6a5304f65a91d2bb9dcba64ee,FINISHED,913,450828154493670864,final_main_terramind_v1_large,0,8,7.302073764938037e-05,UNet,terramind_v1_large,10.0,16,default,100,HPO,0.01,100%,full_ft
dynamic_earthnet,Multiclass_Jaccard_Index,0.3484990894794464,dynamic_earthnet_2007,78971c3f274d4a579bbfcc32ce4f2df7,FINISHED,2007,450828154493670864,final_main_terramind_v1_large,0,8,7.302073764938037e-05,UNet,terramind_v1_large,10.0,16,default,100,HPO,0.01,100%,full_ft
dynamic_earthnet,Multiclass_Jaccard_Index,0.3561779260635376,dynamic_earthnet_205,bdcae37855d74a6a852f9702bc76ca7b,FINISHED,205,450828154493670864,final_main_terramind_v1_large,0,8,7.302073764938037e-05,UNet,terramind_v1_large,10.0,16,default,100,HPO,0.01,100%,full_ft
forestnet,Overall_Accuracy,0.5468277931213379,forestnet_2254,3d88a92d7de64496947a75d68028456b,FINISHED,2254,450828154493670864,final_main_terramind_v1_large,0,8,4.156509715420542e-05,UNet,terramind_v1_large,10.0,16,default,100,HPO,0.01,100%,full_ft
forestnet,Overall_Accuracy,0.5317220687866211,forestnet_2007,578df2d3a74e4fc4bdcba6cee3ca7c10,FINISHED,2007,450828154493670864,final_main_terramind_v1_large,0,8,4.156509715420542e-05,UNet,terramind_v1_large,10.0,16,default,100,HPO,0.01,100%,full_ft
forestnet,Overall_Accuracy,0.5236656665802002,forestnet_913,837ee66991224ef4aec5db5cbc0a22f3,FINISHED,913,450828154493670864,final_main_terramind_v1_large,0,8,4.156509715420542e-05,UNet,terramind_v1_large,10.0,16,default,100,HPO,0.01,100%,full_ft
forestnet,Overall_Accuracy,0.5367572903633118,forestnet_205,8aec0a7f54ec4514b99be1f6d74156b6,FINISHED,205,450828154493670864,final_main_terramind_v1_large,0,8,4.156509715420542e-05,UNet,terramind_v1_large,10.0,16,default,100,HPO,0.01,100%,full_ft
forestnet,Overall_Accuracy,0.5266867876052856,forestnet_1829,d9fd4a9c061743fda49691f78f6c616a,FINISHED,1829,450828154493670864,final_main_terramind_v1_large,0,8,4.156509715420542e-05,UNet,terramind_v1_large,10.0,16,default,100,HPO,0.01,100%,full_ft
spacenet2,Multiclass_Jaccard_Index,0.8624110221862793,spacenet2_1829,2589d12ccad34d0fafff972296a68a80,FINISHED,1829,450828154493670864,final_main_terramind_v1_large,0,32,3.8520774982759184e-05,UNet,terramind_v1_large,10.0,16,default,100,HPO,0.01,100%,full_ft
spacenet2,Multiclass_Jaccard_Index,0.8709872364997864,spacenet2_2254,4607fe38394749d9a16bd205d2943311,FINISHED,2254,450828154493670864,final_main_terramind_v1_large,0,32,3.8520774982759184e-05,UNet,terramind_v1_large,10.0,16,default,100,HPO,0.01,100%,full_ft
spacenet2,Multiclass_Jaccard_Index,0.8712811470031738,spacenet2_2007,64653fa24c6f4a8da05bbb261e57b5c0,FINISHED,2007,450828154493670864,final_main_terramind_v1_large,0,32,3.8520774982759184e-05,UNet,terramind_v1_large,10.0,16,default,100,HPO,0.01,100%,full_ft
spacenet2,Multiclass_Jaccard_Index,0.8687437176704407,spacenet2_205,b6aabd890d37409c994e0b6e0f1f8eb4,FINISHED,205,450828154493670864,final_main_terramind_v1_large,0,32,3.8520774982759184e-05,UNet,terramind_v1_large,10.0,16,default,100,HPO,0.01,100%,full_ft
spacenet2,Multiclass_Jaccard_Index,0.8694702386856079,spacenet2_913,c9c64e3a5efd44a39802d01cb1ed49b6,FINISHED,913,450828154493670864,final_main_terramind_v1_large,0,32,3.8520774982759184e-05,UNet,terramind_v1_large,10.0,16,default,100,HPO,0.01,100%,full_ft
fotw,Multiclass_Jaccard_Index,0.5768706798553467,fotw_1829,1b4b4cb204954795821566a0b8f6c5c0,FINISHED,1829,450828154493670864,final_main_terramind_v1_large,0,16,4.67119403305935e-05,UNet,terramind_v1_large,10.0,16,default,100,HPO,0.01,100%,full_ft
fotw,Multiclass_Jaccard_Index,0.5796996355056763,fotw_913,2789ce0d3f414345b0ab718a4feff4af,FINISHED,913,450828154493670864,final_main_terramind_v1_large,0,16,4.67119403305935e-05,UNet,terramind_v1_large,10.0,16,default,100,HPO,0.01,100%,full_ft
fotw,Multiclass_Jaccard_Index,0.5840237140655518,fotw_2254,65b8b4dbd0f640338073f3d55c146505,FINISHED,2254,450828154493670864,final_main_terramind_v1_large,0,16,4.67119403305935e-05,UNet,terramind_v1_large,10.0,16,default,100,HPO,0.01,100%,full_ft
fotw,Multiclass_Jaccard_Index,0.5741722583770752,fotw_205,96e331aa9efa41998981739178b04578,FINISHED,205,450828154493670864,final_main_terramind_v1_large,0,16,4.67119403305935e-05,UNet,terramind_v1_large,10.0,16,default,100,HPO,0.01,100%,full_ft
fotw,Multiclass_Jaccard_Index,0.579285740852356,fotw_2007,aae42db4d03c4e3898a08f25bca7b816,FINISHED,2007,450828154493670864,final_main_terramind_v1_large,0,16,4.67119403305935e-05,UNet,terramind_v1_large,10.0,16,default,100,HPO,0.01,100%,full_ft
caffe,Multiclass_Jaccard_Index,0.6605269908905029,caffe_913,34e240db26b04acb8d01c291db903a94,FINISHED,913,450828154493670864,final_main_terramind_v1_large,0,16,8.278042946046306e-06,UNet,terramind_v1_large,10.0,16,default,100,HPO,0.01,100%,full_ft
caffe,Multiclass_Jaccard_Index,0.6455444097518921,caffe_205,4bda602a46ce4b37815e2f5576bce4db,FINISHED,205,450828154493670864,final_main_terramind_v1_large,0,16,8.278042946046306e-06,UNet,terramind_v1_large,10.0,16,default,100,HPO,0.01,100%,full_ft
caffe,Multiclass_Jaccard_Index,0.6482639908790588,caffe_2254,6ea7f2a51c004c249defb15d2286fb74,FINISHED,2254,450828154493670864,final_main_terramind_v1_large,0,16,8.278042946046306e-06,UNet,terramind_v1_large,10.0,16,default,100,HPO,0.01,100%,full_ft
caffe,Multiclass_Jaccard_Index,0.6465308666229248,caffe_2007,cf5fe701018e4f03a4c97cfebf3fce6d,FINISHED,2007,450828154493670864,final_main_terramind_v1_large,0,16,8.278042946046306e-06,UNet,terramind_v1_large,10.0,16,default,100,HPO,0.01,100%,full_ft
caffe,Multiclass_Jaccard_Index,0.6363961696624756,caffe_1829,fd610248f29549528d27829254790f07,FINISHED,1829,450828154493670864,final_main_terramind_v1_large,0,16,8.278042946046306e-06,UNet,terramind_v1_large,10.0,16,default,100,HPO,0.01,100%,full_ft
burn_scars,Multiclass_Jaccard_Index,0.8888662457466125,burn_scars_1829,069c2eea2c92431d96a3bed9ca1db52c,FINISHED,1829,450828154493670864,final_main_terramind_v1_large,0,32,7.44952527451419e-05,UNet,terramind_v1_large,10.0,16,default,100,HPO,0.01,100%,full_ft
burn_scars,Multiclass_Jaccard_Index,0.8771705627441406,burn_scars_913,604edeaf9ac8486585043f88341db731,FINISHED,913,450828154493670864,final_main_terramind_v1_large,0,32,7.44952527451419e-05,UNet,terramind_v1_large,10.0,16,default,100,HPO,0.01,100%,full_ft
burn_scars,Multiclass_Jaccard_Index,0.8922334909439087,burn_scars_2007,ae63d7f5a18c408e8a79534739ca8a27,FINISHED,2007,450828154493670864,final_main_terramind_v1_large,0,32,7.44952527451419e-05,UNet,terramind_v1_large,10.0,16,default,100,HPO,0.01,100%,full_ft
burn_scars,Multiclass_Jaccard_Index,0.879090428352356,burn_scars_205,cde4507650344235928f720a894d81c2,FINISHED,205,450828154493670864,final_main_terramind_v1_large,0,32,7.44952527451419e-05,UNet,terramind_v1_large,10.0,16,default,100,HPO,0.01,100%,full_ft
burn_scars,Multiclass_Jaccard_Index,0.881941020488739,burn_scars_2254,de59f1e05c74467faa757aef6f54bea7,FINISHED,2254,450828154493670864,final_main_terramind_v1_large,0,32,7.44952527451419e-05,UNet,terramind_v1_large,10.0,16,default,100,HPO,0.01,100%,full_ft
pastis,Multiclass_Jaccard_Index,0.4315944612026214,pastis_1829,0d2e2c0ae76c437e8f499d3045082f93,FINISHED,1829,450828154493670864,final_main_terramind_v1_large,0,8,8.464490029955513e-05,UNet,terramind_v1_large,10.0,16,default,100,HPO,0.01,100%,full_ft
pastis,Multiclass_Jaccard_Index,0.43324875831604,pastis_913,35c99424df74475884e1cc988421f252,FINISHED,913,450828154493670864,final_main_terramind_v1_large,0,8,8.464490029955513e-05,UNet,terramind_v1_large,10.0,16,default,100,HPO,0.01,100%,full_ft
pastis,Multiclass_Jaccard_Index,0.4276216924190521,pastis_205,5fc80028bb4e4e1fb4e583f9fba648a4,FINISHED,205,450828154493670864,final_main_terramind_v1_large,0,8,8.464490029955513e-05,UNet,terramind_v1_large,10.0,16,default,100,HPO,0.01,100%,full_ft
pastis,Multiclass_Jaccard_Index,0.4324474334716797,pastis_2007,6f6dc06bd68346d9a0c631d073a49d5b,FINISHED,2007,450828154493670864,final_main_terramind_v1_large,0,8,8.464490029955513e-05,UNet,terramind_v1_large,10.0,16,default,100,HPO,0.01,100%,full_ft
pastis,Multiclass_Jaccard_Index,0.4276187121868133,pastis_2254,c9c88eaf8a0b4aa691efc66fcd743ce1,FINISHED,2254,450828154493670864,final_main_terramind_v1_large,0,8,8.464490029955513e-05,UNet,terramind_v1_large,10.0,16,default,100,HPO,0.01,100%,full_ft
spacenet7,Multiclass_Jaccard_Index,0.5814478993415833,spacenet7_913,410b02e0a346456abd8dfbf35219f687,FINISHED,913,450828154493670864,final_main_terramind_v1_large,0,8,0.0001048690356486,UNet,terramind_v1_large,10.0,16,default,100,HPO,0.01,100%,full_ft
spacenet7,Multiclass_Jaccard_Index,0.5786465406417847,spacenet7_1829,4a0ece393cce4b568d751ebb1035747d,FINISHED,1829,450828154493670864,final_main_terramind_v1_large,0,8,0.0001048690356486,UNet,terramind_v1_large,10.0,16,default,100,HPO,0.01,100%,full_ft
spacenet7,Multiclass_Jaccard_Index,0.5747677683830261,spacenet7_205,872cc3ef97324871ba9d246575a81713,FINISHED,205,450828154493670864,final_main_terramind_v1_large,0,8,0.0001048690356486,UNet,terramind_v1_large,10.0,16,default,100,HPO,0.01,100%,full_ft
spacenet7,Multiclass_Jaccard_Index,0.5899662375450134,spacenet7_2254,955c7be0b4084cacb9901afec6eb5755,FINISHED,2254,450828154493670864,final_main_terramind_v1_large,0,8,0.0001048690356486,UNet,terramind_v1_large,10.0,16,default,100,HPO,0.01,100%,full_ft
spacenet7,Multiclass_Jaccard_Index,0.5882823467254639,spacenet7_2007,e235ab18157447f7b5ed47c9e7018136,FINISHED,2007,450828154493670864,final_main_terramind_v1_large,0,8,0.0001048690356486,UNet,terramind_v1_large,10.0,16,default,100,HPO,0.01,100%,full_ft
flair2,Multiclass_Jaccard_Index,0.4562640488147735,flair2_2007,0bbb60bbc0cb48eb8afe360ec4e36f05,FINISHED,2007,450828154493670864,final_main_terramind_v1_large,0,32,2.156939442656292e-05,UNet,terramind_v1_large,10.0,16,default,100,HPO,0.01,100%,full_ft
flair2,Multiclass_Jaccard_Index,0.4799627661705017,flair2_1829,35636fa259814f38839d09d0e6121ea1,FINISHED,1829,450828154493670864,final_main_terramind_v1_large,0,32,2.156939442656292e-05,UNet,terramind_v1_large,10.0,16,default,100,HPO,0.01,100%,full_ft
flair2,Multiclass_Jaccard_Index,0.4654695093631744,flair2_205,8a6daf00a44c40f8bad810d2752b9435,FINISHED,205,450828154493670864,final_main_terramind_v1_large,0,32,2.156939442656292e-05,UNet,terramind_v1_large,10.0,16,default,100,HPO,0.01,100%,full_ft
flair2,Multiclass_Jaccard_Index,0.475152850151062,flair2_913,a319297b35f844aa88d6fc6b743e0ffe,FINISHED,913,450828154493670864,final_main_terramind_v1_large,0,32,2.156939442656292e-05,UNet,terramind_v1_large,10.0,16,default,100,HPO,0.01,100%,full_ft
flair2,Multiclass_Jaccard_Index,0.4621029496192932,flair2_2254,b54a1010d9534657ade333bd719db283,FINISHED,2254,450828154493670864,final_main_terramind_v1_large,0,32,2.156939442656292e-05,UNet,terramind_v1_large,10.0,16,default,100,HPO,0.01,100%,full_ft
so2sat,Overall_Accuracy,0.6176470518112183,so2sat_1829,4aff70ce17d749218b387abd72222e2e,FINISHED,1829,450828154493670864,final_main_terramind_v1_large,0,16,1.1833931015226612e-05,UNet,terramind_v1_large,10.0,16,default,100,HPO,0.01,100%,full_ft
so2sat,Overall_Accuracy,0.6237322688102722,so2sat_2254,9abcf955cd1442a5a03c9fe9fefde591,FINISHED,2254,450828154493670864,final_main_terramind_v1_large,0,16,1.1833931015226612e-05,UNet,terramind_v1_large,10.0,16,default,100,HPO,0.01,100%,full_ft
so2sat,Overall_Accuracy,0.6176470518112183,so2sat_2007,c66f9fde32e84bc6843965abde8c5c9e,FINISHED,2007,450828154493670864,final_main_terramind_v1_large,0,16,1.1833931015226612e-05,UNet,terramind_v1_large,10.0,16,default,100,HPO,0.01,100%,full_ft
so2sat,Overall_Accuracy,0.6541582345962524,so2sat_913,cccbd9b5a7b74830836c5fec3c2509a5,FINISHED,913,450828154493670864,final_main_terramind_v1_large,0,16,1.1833931015226612e-05,UNet,terramind_v1_large,10.0,16,default,100,HPO,0.01,100%,full_ft
so2sat,Overall_Accuracy,0.5882353186607361,so2sat_205,cf558c8ef6c741349661bc5fedbe40b7,FINISHED,205,450828154493670864,final_main_terramind_v1_large,0,16,1.1833931015226612e-05,UNet,terramind_v1_large,10.0,16,default,100,HPO,0.01,100%,full_ft
treesatai,Multilabel_F1_Score,0.6343602538108826,treesatai_1829,12ea388a636f4203a47d4785008610aa,FINISHED,1829,795717026824507105,final_main_clay_v1_base,0,8,5.344035791344604e-05,UNet,clay_v1_base,10.0,16,default,100,HPO,0.01,100%,full_ft
treesatai,Multilabel_F1_Score,0.6290724277496338,treesatai_913,2b86d48dcfd640ca825673845b00059c,FINISHED,913,795717026824507105,final_main_clay_v1_base,0,8,5.344035791344604e-05,UNet,clay_v1_base,10.0,16,default,100,HPO,0.01,100%,full_ft
treesatai,Multilabel_F1_Score,0.6141548752784729,treesatai_2007,9b96c12e36624079bcce5bd97a6f1167,FINISHED,2007,795717026824507105,final_main_clay_v1_base,0,8,5.344035791344604e-05,UNet,clay_v1_base,10.0,16,default,100,HPO,0.01,100%,full_ft
treesatai,Multilabel_F1_Score,0.6324618458747864,treesatai_2254,9ca6b9d928ac4a38b3946670739e9451,FINISHED,2254,795717026824507105,final_main_clay_v1_base,0,8,5.344035791344604e-05,UNet,clay_v1_base,10.0,16,default,100,HPO,0.01,100%,full_ft
treesatai,Multilabel_F1_Score,0.6322035789489746,treesatai_205,cce64706c75041df86536f44a90e215c,FINISHED,205,795717026824507105,final_main_clay_v1_base,0,8,5.344035791344604e-05,UNet,clay_v1_base,10.0,16,default,100,HPO,0.01,100%,full_ft
cloudsen12,Multiclass_Jaccard_Index,0.6351529359817505,cloudsen12_913,48774f9a97624315ae3e886eacfe0435,FINISHED,913,795717026824507105,final_main_clay_v1_base,0,16,0.0001394626650077,UNet,clay_v1_base,10.0,16,default,100,HPO,0.01,100%,full_ft
cloudsen12,Multiclass_Jaccard_Index,0.6364178657531738,cloudsen12_205,91aae5ab96c248a4a722e307d3ff1b03,FINISHED,205,795717026824507105,final_main_clay_v1_base,0,16,0.0001394626650077,UNet,clay_v1_base,10.0,16,default,100,HPO,0.01,100%,full_ft
cloudsen12,Multiclass_Jaccard_Index,0.6383556127548218,cloudsen12_1829,abb4ff93602c4003bc642c230a0ffda8,FINISHED,1829,795717026824507105,final_main_clay_v1_base,0,16,0.0001394626650077,UNet,clay_v1_base,10.0,16,default,100,HPO,0.01,100%,full_ft
cloudsen12,Multiclass_Jaccard_Index,0.6329723000526428,cloudsen12_2007,ca5fac56485143c9ac4ec944472cea76,FINISHED,2007,795717026824507105,final_main_clay_v1_base,0,16,0.0001394626650077,UNet,clay_v1_base,10.0,16,default,100,HPO,0.01,100%,full_ft
cloudsen12,Multiclass_Jaccard_Index,0.6371685266494751,cloudsen12_2254,f74250c15b2c43d38785625fbd4bf222,FINISHED,2254,795717026824507105,final_main_clay_v1_base,0,16,0.0001394626650077,UNet,clay_v1_base,10.0,16,default,100,HPO,0.01,100%,full_ft
dynamic_earthnet,Multiclass_Jaccard_Index,0.3079797029495239,dynamic_earthnet_205,6a138209c8694d358d3f034656644388,FINISHED,205,795717026824507105,final_main_clay_v1_base,0,8,0.0002096829865225,UNet,clay_v1_base,10.0,16,default,100,HPO,0.01,100%,full_ft
dynamic_earthnet,Multiclass_Jaccard_Index,0.2587114870548248,dynamic_earthnet_2007,7fabb3c69acb4642a0d1d1e6f57e85d7,FINISHED,2007,795717026824507105,final_main_clay_v1_base,0,8,0.0002096829865225,UNet,clay_v1_base,10.0,16,default,100,HPO,0.01,100%,full_ft
dynamic_earthnet,Multiclass_Jaccard_Index,0.2470388710498809,dynamic_earthnet_2254,8dac79da836a4574abdd0e26a24f1701,FINISHED,2254,795717026824507105,final_main_clay_v1_base,0,8,0.0002096829865225,UNet,clay_v1_base,10.0,16,default,100,HPO,0.01,100%,full_ft
dynamic_earthnet,Multiclass_Jaccard_Index,0.2762714624404907,dynamic_earthnet_1829,952228b5f26a4f6b90f9dde90980738c,FINISHED,1829,795717026824507105,final_main_clay_v1_base,0,8,0.0002096829865225,UNet,clay_v1_base,10.0,16,default,100,HPO,0.01,100%,full_ft
dynamic_earthnet,Multiclass_Jaccard_Index,0.246768832206726,dynamic_earthnet_913,9694beac28d24665be7ad33feca9ead5,FINISHED,913,795717026824507105,final_main_clay_v1_base,0,8,0.0002096829865225,UNet,clay_v1_base,10.0,16,default,100,HPO,0.01,100%,full_ft
forestnet,Overall_Accuracy,0.5488418936729431,forestnet_205,37ea0560f7d34e918062ec3f831e65cb,FINISHED,205,795717026824507105,final_main_clay_v1_base,0,32,0.0001223388869719,UNet,clay_v1_base,10.0,16,default,100,HPO,0.01,100%,full_ft
forestnet,Overall_Accuracy,0.5317220687866211,forestnet_2254,4f1d76022532497f934a9678d9fbebc6,FINISHED,2254,795717026824507105,final_main_clay_v1_base,0,32,0.0001223388869719,UNet,clay_v1_base,10.0,16,default,100,HPO,0.01,100%,full_ft
forestnet,Overall_Accuracy,0.5005035400390625,forestnet_913,8b315bccf68c4147882564e29ac4a1ac,FINISHED,913,795717026824507105,final_main_clay_v1_base,0,32,0.0001223388869719,UNet,clay_v1_base,10.0,16,default,100,HPO,0.01,100%,full_ft
forestnet,Overall_Accuracy,0.5518630146980286,forestnet_2007,9a473930c9454ba6b38a046346cb5fca,FINISHED,2007,795717026824507105,final_main_clay_v1_base,0,32,0.0001223388869719,UNet,clay_v1_base,10.0,16,default,100,HPO,0.01,100%,full_ft
forestnet,Overall_Accuracy,0.5065458416938782,forestnet_1829,dae6cc8e0d0b410d9c3f496f5b13ed0e,FINISHED,1829,795717026824507105,final_main_clay_v1_base,0,32,0.0001223388869719,UNet,clay_v1_base,10.0,16,default,100,HPO,0.01,100%,full_ft
spacenet2,Multiclass_Jaccard_Index,0.8664951324462891,spacenet2_913,13ebb9b45c1a4ba2a54d73e569d27fe2,FINISHED,913,795717026824507105,final_main_clay_v1_base,0,8,6.071043686824564e-05,UNet,clay_v1_base,10.0,16,default,100,HPO,0.01,100%,full_ft
spacenet2,Multiclass_Jaccard_Index,0.8692799806594849,spacenet2_1829,176909c954a74b418a0de6bee5925a01,FINISHED,1829,795717026824507105,final_main_clay_v1_base,0,8,6.071043686824564e-05,UNet,clay_v1_base,10.0,16,default,100,HPO,0.01,100%,full_ft
spacenet2,Multiclass_Jaccard_Index,0.8709346055984497,spacenet2_2007,1a51dba9c52d47c19c48f7139c4df1d1,FINISHED,2007,795717026824507105,final_main_clay_v1_base,0,8,6.071043686824564e-05,UNet,clay_v1_base,10.0,16,default,100,HPO,0.01,100%,full_ft
spacenet2,Multiclass_Jaccard_Index,0.870833694934845,spacenet2_205,4ff74e0221944c95856d066cadec3a23,FINISHED,205,795717026824507105,final_main_clay_v1_base,0,8,6.071043686824564e-05,UNet,clay_v1_base,10.0,16,default,100,HPO,0.01,100%,full_ft
spacenet2,Multiclass_Jaccard_Index,0.8743444681167603,spacenet2_2254,51ba890b2c0a4f2cb2cda126adfa5b5c,FINISHED,2254,795717026824507105,final_main_clay_v1_base,0,8,6.071043686824564e-05,UNet,clay_v1_base,10.0,16,default,100,HPO,0.01,100%,full_ft
fotw,Multiclass_Jaccard_Index,0.6070407629013062,fotw_2007,1ba9a8e35df942ffa6f91a6f598bd5bf,FINISHED,2007,795717026824507105,final_main_clay_v1_base,0,8,5.520798769772461e-05,UNet,clay_v1_base,10.0,16,default,100,HPO,0.01,100%,full_ft
fotw,Multiclass_Jaccard_Index,0.6036347150802612,fotw_205,36e2bc873a784e30aeebfea7f24927b2,FINISHED,205,795717026824507105,final_main_clay_v1_base,0,8,5.520798769772461e-05,UNet,clay_v1_base,10.0,16,default,100,HPO,0.01,100%,full_ft
fotw,Multiclass_Jaccard_Index,0.605728268623352,fotw_2254,67db7eeadc1048f7af0410bad101314c,FINISHED,2254,795717026824507105,final_main_clay_v1_base,0,8,5.520798769772461e-05,UNet,clay_v1_base,10.0,16,default,100,HPO,0.01,100%,full_ft
fotw,Multiclass_Jaccard_Index,0.6179081797599792,fotw_913,b7f204a7be1d4a07b2008020f8ad6c04,FINISHED,913,795717026824507105,final_main_clay_v1_base,0,8,5.520798769772461e-05,UNet,clay_v1_base,10.0,16,default,100,HPO,0.01,100%,full_ft
fotw,Multiclass_Jaccard_Index,0.6066063642501831,fotw_1829,edbdae2b1e2b4ec99b1bf31559200d41,FINISHED,1829,795717026824507105,final_main_clay_v1_base,0,8,5.520798769772461e-05,UNet,clay_v1_base,10.0,16,default,100,HPO,0.01,100%,full_ft
caffe,Multiclass_Jaccard_Index,0.6686878204345703,caffe_2007,0f542956e329458f8f01111b3cf83449,FINISHED,2007,795717026824507105,final_main_clay_v1_base,0,32,4.593751430162973e-05,UNet,clay_v1_base,10.0,16,default,100,HPO,0.01,100%,full_ft
caffe,Multiclass_Jaccard_Index,0.6210277080535889,caffe_205,46f663557ee24e209fc8a210da6682b9,FINISHED,205,795717026824507105,final_main_clay_v1_base,0,32,4.593751430162973e-05,UNet,clay_v1_base,10.0,16,default,100,HPO,0.01,100%,full_ft
caffe,Multiclass_Jaccard_Index,0.6501009464263916,caffe_1829,5659720de54545d3b6a525e52d83811d,FINISHED,1829,795717026824507105,final_main_clay_v1_base,0,32,4.593751430162973e-05,UNet,clay_v1_base,10.0,16,default,100,HPO,0.01,100%,full_ft
caffe,Multiclass_Jaccard_Index,0.6309058666229248,caffe_2254,a4d26ba70ce4410e8e428c3e77e46eaf,FINISHED,2254,795717026824507105,final_main_clay_v1_base,0,32,4.593751430162973e-05,UNet,clay_v1_base,10.0,16,default,100,HPO,0.01,100%,full_ft
caffe,Multiclass_Jaccard_Index,0.6710712909698486,caffe_913,e35ded1248c94b3480dcd08cab302d2b,FINISHED,913,795717026824507105,final_main_clay_v1_base,0,32,4.593751430162973e-05,UNet,clay_v1_base,10.0,16,default,100,HPO,0.01,100%,full_ft
burn_scars,Multiclass_Jaccard_Index,0.9009078741073608,burn_scars_4364,580a0ba49acf4476a14ebd6a4066e2b9,FINISHED,4364,795717026824507105,final_main_clay_v1_base,0,32,3.749218153450784e-05,UNet,clay_v1_base,10.0,16,default,100,HPO,0.01,100%,full_ft
burn_scars,Multiclass_Jaccard_Index,0.8782541155815125,burn_scars_656,98323884f1de46f987cc3a68e542c2ef,FINISHED,656,795717026824507105,final_main_clay_v1_base,0,32,3.749218153450784e-05,UNet,clay_v1_base,10.0,16,default,100,HPO,0.01,100%,full_ft
burn_scars,Multiclass_Jaccard_Index,0.9017086625099182,burn_scars_2070,b0d45ad78cfd496e9cd7c93acfa3b1b5,FINISHED,2070,795717026824507105,final_main_clay_v1_base,0,32,3.749218153450784e-05,UNet,clay_v1_base,10.0,16,default,100,HPO,0.01,100%,full_ft
burn_scars,Multiclass_Jaccard_Index,0.8936687707901001,burn_scars_948,e5c80d7cd324434a9cdfdc426ac916a2,FINISHED,948,795717026824507105,final_main_clay_v1_base,0,32,3.749218153450784e-05,UNet,clay_v1_base,10.0,16,default,100,HPO,0.01,100%,full_ft
burn_scars,Multiclass_Jaccard_Index,0.8911995887756348,burn_scars_2647,f9fd13f44f124fe595ced9ab301a29e7,FINISHED,2647,795717026824507105,final_main_clay_v1_base,0,32,3.749218153450784e-05,UNet,clay_v1_base,10.0,16,default,100,HPO,0.01,100%,full_ft
pastis,Multiclass_Jaccard_Index,0.4113161563873291,pastis_1829,0a46d9a17f5148ad93e1e0c1e81976b5,FINISHED,1829,795717026824507105,final_main_clay_v1_base,0,8,0.0002878510754975,UNet,clay_v1_base,10.0,16,default,100,HPO,0.01,100%,full_ft
pastis,Multiclass_Jaccard_Index,0.4224403500556946,pastis_2254,255628a1ac8049fa870af21d49782a0d,FINISHED,2254,795717026824507105,final_main_clay_v1_base,0,8,0.0002878510754975,UNet,clay_v1_base,10.0,16,default,100,HPO,0.01,100%,full_ft
pastis,Multiclass_Jaccard_Index,0.4202279448509216,pastis_2007,279e2ee9edde4e36a16966a6073c2a32,FINISHED,2007,795717026824507105,final_main_clay_v1_base,0,8,0.0002878510754975,UNet,clay_v1_base,10.0,16,default,100,HPO,0.01,100%,full_ft
pastis,Multiclass_Jaccard_Index,0.4170020818710327,pastis_913,32b47f39049d4cdaba5750b9e64bb8ef,FINISHED,913,795717026824507105,final_main_clay_v1_base,0,8,0.0002878510754975,UNet,clay_v1_base,10.0,16,default,100,HPO,0.01,100%,full_ft
pastis,Multiclass_Jaccard_Index,0.4030401408672333,pastis_205,73ff8f6483f24f65821ecb01126c1bd0,FINISHED,205,795717026824507105,final_main_clay_v1_base,0,8,0.0002878510754975,UNet,clay_v1_base,10.0,16,default,100,HPO,0.01,100%,full_ft
benv2,Multilabel_F1_Score,0.7354453206062317,benv2_2007,086018e6cf9b488d85c0e7d81139ce51,FINISHED,2007,795717026824507105,final_main_clay_v1_base,0,32,3.33308410048262e-05,UNet,clay_v1_base,10.0,16,default,100,HPO,0.01,100%,full_ft
benv2,Multilabel_F1_Score,0.7400927543640137,benv2_1829,57c035db70c74d0ab020c3d2a9aa5b9d,FINISHED,1829,795717026824507105,final_main_clay_v1_base,0,32,3.33308410048262e-05,UNet,clay_v1_base,10.0,16,default,100,HPO,0.01,100%,full_ft
benv2,Multilabel_F1_Score,0.7335430383682251,benv2_913,6addd7ee828b4be0a7584f7bdca2afa5,FINISHED,913,795717026824507105,final_main_clay_v1_base,0,32,3.33308410048262e-05,UNet,clay_v1_base,10.0,16,default,100,HPO,0.01,100%,full_ft
benv2,Multilabel_F1_Score,0.7419769763946533,benv2_205,8ba51de7b6dd4590a48dbdad5c99c184,FINISHED,205,795717026824507105,final_main_clay_v1_base,0,32,3.33308410048262e-05,UNet,clay_v1_base,10.0,16,default,100,HPO,0.01,100%,full_ft
benv2,Multilabel_F1_Score,0.7317450642585754,benv2_2254,e91a6a1bb8a048ffaa799ab1b4cb26e4,FINISHED,2254,795717026824507105,final_main_clay_v1_base,0,32,3.33308410048262e-05,UNet,clay_v1_base,10.0,16,default,100,HPO,0.01,100%,full_ft
spacenet7,Multiclass_Jaccard_Index,0.6278140544891357,spacenet7_913,23931df3647a447b98924afd9156e50e,FINISHED,913,795717026824507105,final_main_clay_v1_base,0,16,9.950013781622509e-05,UNet,clay_v1_base,10.0,16,default,100,HPO,0.01,100%,full_ft
spacenet7,Multiclass_Jaccard_Index,0.6355001330375671,spacenet7_2007,595b9164f38e422b80b23b61c34c21bb,FINISHED,2007,795717026824507105,final_main_clay_v1_base,0,16,9.950013781622509e-05,UNet,clay_v1_base,10.0,16,default,100,HPO,0.01,100%,full_ft
spacenet7,Multiclass_Jaccard_Index,0.6344202756881714,spacenet7_1829,d6682647027e4c60aa546b7403296c6b,FINISHED,1829,795717026824507105,final_main_clay_v1_base,0,16,9.950013781622509e-05,UNet,clay_v1_base,10.0,16,default,100,HPO,0.01,100%,full_ft
spacenet7,Multiclass_Jaccard_Index,0.6402554512023926,spacenet7_205,e20cf0add6fa4906acacf152506635fd,FINISHED,205,795717026824507105,final_main_clay_v1_base,0,16,9.950013781622509e-05,UNet,clay_v1_base,10.0,16,default,100,HPO,0.01,100%,full_ft
spacenet7,Multiclass_Jaccard_Index,0.6243715882301331,spacenet7_2254,f858df0a0ba94f1cae42ed00d8d5b33c,FINISHED,2254,795717026824507105,final_main_clay_v1_base,0,16,9.950013781622509e-05,UNet,clay_v1_base,10.0,16,default,100,HPO,0.01,100%,full_ft
flair2,Multiclass_Jaccard_Index,0.492638885974884,flair2_205,5476a3801d5f449ba585fc6473c8f53d,FINISHED,205,795717026824507105,final_main_clay_v1_base,0,16,1.4518986919464469e-05,UNet,clay_v1_base,10.0,16,default,100,HPO,0.01,100%,full_ft
flair2,Multiclass_Jaccard_Index,0.4999808669090271,flair2_1829,5b1c518f22404da39871f98576c1376a,FINISHED,1829,795717026824507105,final_main_clay_v1_base,0,16,1.4518986919464469e-05,UNet,clay_v1_base,10.0,16,default,100,HPO,0.01,100%,full_ft
flair2,Multiclass_Jaccard_Index,0.5131868124008179,flair2_2254,95e366099be140bd95156f8d71ff2c10,FINISHED,2254,795717026824507105,final_main_clay_v1_base,0,16,1.4518986919464469e-05,UNet,clay_v1_base,10.0,16,default,100,HPO,0.01,100%,full_ft
flair2,Multiclass_Jaccard_Index,0.5013031363487244,flair2_2007,a72e987af7bb4aa38892b0e0e24aff39,FINISHED,2007,795717026824507105,final_main_clay_v1_base,0,16,1.4518986919464469e-05,UNet,clay_v1_base,10.0,16,default,100,HPO,0.01,100%,full_ft
flair2,Multiclass_Jaccard_Index,0.5008986592292786,flair2_913,c2b858dd4ffc48d49d9ec3a356bfe233,FINISHED,913,795717026824507105,final_main_clay_v1_base,0,16,1.4518986919464469e-05,UNet,clay_v1_base,10.0,16,default,100,HPO,0.01,100%,full_ft
so2sat,Overall_Accuracy,0.5507099628448486,so2sat_2254,10d5e2f859bb49e9a6252b112f3ef092,FINISHED,2254,795717026824507105,final_main_clay_v1_base,0,32,1.4417679593699067e-05,UNet,clay_v1_base,10.0,16,default,100,HPO,0.01,100%,full_ft
so2sat,Overall_Accuracy,0.5578093528747559,so2sat_913,1c0232ea31b34ad3bba5983612afbfeb,FINISHED,913,795717026824507105,final_main_clay_v1_base,0,32,1.4417679593699067e-05,UNet,clay_v1_base,10.0,16,default,100,HPO,0.01,100%,full_ft
so2sat,Overall_Accuracy,0.568965494632721,so2sat_2007,5029b5bf18434ee9958318436284e1f2,FINISHED,2007,795717026824507105,final_main_clay_v1_base,0,32,1.4417679593699067e-05,UNet,clay_v1_base,10.0,16,default,100,HPO,0.01,100%,full_ft
so2sat,Overall_Accuracy,0.5730223059654236,so2sat_1829,5733b4cd3632496fb824ada576e8ad98,FINISHED,1829,795717026824507105,final_main_clay_v1_base,0,32,1.4417679593699067e-05,UNet,clay_v1_base,10.0,16,default,100,HPO,0.01,100%,full_ft
so2sat,Overall_Accuracy,0.5618661046028137,so2sat_205,f7d42ca5ada84507bb353e3644a74879,FINISHED,205,795717026824507105,final_main_clay_v1_base,0,32,1.4417679593699067e-05,UNet,clay_v1_base,10.0,16,default,100,HPO,0.01,100%,full_ft
kuro_siwo,Multiclass_Jaccard_Index,0.6840789318084717,kuro_siwo_mean_1829,4c2be4598c644fd0b61c85b2d17ce145,FINISHED,1829,611310520608025673,final_main_clay_v1_base,0,32,1.069117674720793e-05,UNet,clay_v1_base,10.0,16,default,100,HPO,0.01,100%,full_ft
kuro_siwo,Multiclass_Jaccard_Index,0.6429914236068726,kuro_siwo_mean_2254,4c6c31d9375441c3b086bdf090c8f48a,FINISHED,2254,611310520608025673,final_main_clay_v1_base,0,32,1.069117674720793e-05,UNet,clay_v1_base,10.0,16,default,100,HPO,0.01,100%,full_ft
kuro_siwo,Multiclass_Jaccard_Index,0.6720964312553406,kuro_siwo_mean_2007,7bd0283d097a4358a55c28b26c2b0c50,FINISHED,2007,611310520608025673,final_main_clay_v1_base,0,32,1.069117674720793e-05,UNet,clay_v1_base,10.0,16,default,100,HPO,0.01,100%,full_ft
kuro_siwo,Multiclass_Jaccard_Index,0.6733152866363525,kuro_siwo_mean_913,95587d8274b34a208e705d3388dd5c36,FINISHED,913,611310520608025673,final_main_clay_v1_base,0,32,1.069117674720793e-05,UNet,clay_v1_base,10.0,16,default,100,HPO,0.01,100%,full_ft
kuro_siwo,Multiclass_Jaccard_Index,0.6832083463668823,kuro_siwo_mean_205,a681bef139c14037998046d381ec95a7,FINISHED,205,611310520608025673,final_main_clay_v1_base,0,32,1.069117674720793e-05,UNet,clay_v1_base,10.0,16,default,100,HPO,0.01,100%,full_ft
kuro_siwo,Multiclass_Jaccard_Index,0.6789531707763672,kuro_siwo_mean_2254,24a013f2b77e410580d24fe52254ca4e,FINISHED,2254,312067339846697973,final_main_terramind_v1_large,0,16,1.3485828940767237e-05,UNet,terramind_v1_large,10.0,16,default,100,HPO,0.01,100%,full_ft
kuro_siwo,Multiclass_Jaccard_Index,0.6908279657363892,kuro_siwo_mean_1829,43772c94fa25443eac7673c7333bc702,FINISHED,1829,312067339846697973,final_main_terramind_v1_large,0,16,1.3485828940767237e-05,UNet,terramind_v1_large,10.0,16,default,100,HPO,0.01,100%,full_ft
kuro_siwo,Multiclass_Jaccard_Index,0.6873027086257935,kuro_siwo_mean_2007,951baf4f4998489ba0b6069a3602f4b1,FINISHED,2007,312067339846697973,final_main_terramind_v1_large,0,16,1.3485828940767237e-05,UNet,terramind_v1_large,10.0,16,default,100,HPO,0.01,100%,full_ft
kuro_siwo,Multiclass_Jaccard_Index,0.6866209506988525,kuro_siwo_mean_205,a506606b93294a1685e36fe339d18780,FINISHED,205,312067339846697973,final_main_terramind_v1_large,0,16,1.3485828940767237e-05,UNet,terramind_v1_large,10.0,16,default,100,HPO,0.01,100%,full_ft
kuro_siwo,Multiclass_Jaccard_Index,0.6846413612365723,kuro_siwo_mean_913,ea3e86de5bce4b4ba6090546e9878756,FINISHED,913,312067339846697973,final_main_terramind_v1_large,0,16,1.3485828940767237e-05,UNet,terramind_v1_large,10.0,16,default,100,HPO,0.01,100%,full_ft
everwatch,test_test_map,0.2534341514110565,everwatch_3669,607ff8a988e045e68ae3e8e5145cc65e,FINISHED,3669,514820428842584591,final_object_detection_terramind_v1_large,0,8,3.691840880402376e-05,faster-rcnn,terramind_v1_large,,10,default,100,Fixed,0.01,100%,full_ft
everwatch,test_test_map,0.2444937378168106,everwatch_1163,c4346300038844f3833248da7c14956c,FINISHED,1163,514820428842584591,final_object_detection_terramind_v1_large,0,8,3.691840880402376e-05,faster-rcnn,terramind_v1_large,,10,default,100,Fixed,0.01,100%,full_ft
everwatch,test_test_map,0.2528373301029205,everwatch_2007,2e68a653c4b74fdbba13de6799990a3c,FINISHED,2007,514820428842584591,final_object_detection_terramind_v1_large,0,8,3.691840880402376e-05,faster-rcnn,terramind_v1_large,,10,default,100,Fixed,0.01,100%,full_ft
everwatch,test_test_map,0.2408047318458557,everwatch_2254,71fd1a06ab684647bad3ca7142349d1f,FINISHED,2254,514820428842584591,final_object_detection_terramind_v1_large,0,8,3.691840880402376e-05,faster-rcnn,terramind_v1_large,,10,default,100,Fixed,0.01,100%,full_ft
everwatch,test_test_map,0.245848074555397,everwatch_205,70dbe01088394f579c43f3d80e1357a1,FINISHED,205,514820428842584591,final_object_detection_terramind_v1_large,0,8,3.691840880402376e-05,faster-rcnn,terramind_v1_large,,10,default,100,Fixed,0.01,100%,full_ft
nzcattle,test_test_map,0.3451495170593261,nzcattle_4020,aa483311d2714806b5cc2551f7a71388,FINISHED,4020,514820428842584591,final_object_detection_terramind_v1_large,0,8,2.150367200036458e-05,faster-rcnn,terramind_v1_large,,10,default,100,Fixed,0.01,100%,full_ft
nzcattle,test_test_map,0.3386348187923431,nzcattle_1180,d2d3ae07261f4d76ae875af0d00bf7fe,FINISHED,1180,514820428842584591,final_object_detection_terramind_v1_large,0,8,2.150367200036458e-05,faster-rcnn,terramind_v1_large,,10,default,100,Fixed,0.01,100%,full_ft
nzcattle,test_test_map,0.3409347534179687,nzcattle_3354,ccd565bb21f441a89e464e6e858fec64,FINISHED,3354,514820428842584591,final_object_detection_terramind_v1_large,0,8,2.150367200036458e-05,faster-rcnn,terramind_v1_large,,10,default,100,Fixed,0.01,100%,full_ft
nzcattle,test_test_map,0.3414294719696045,nzcattle_4871,442bc1da5b744dc6ad3e9086b0a84884,FINISHED,4871,514820428842584591,final_object_detection_terramind_v1_large,0,8,2.150367200036458e-05,faster-rcnn,terramind_v1_large,,10,default,100,Fixed,0.01,100%,full_ft
nzcattle,test_test_map,0.3391881287097931,nzcattle_1790,2d51ebefd6574536ae33c608f78d30c6,FINISHED,1790,514820428842584591,final_object_detection_terramind_v1_large,0,8,2.150367200036458e-05,faster-rcnn,terramind_v1_large,,10,default,100,Fixed,0.01,100%,full_ft
pastis_r,test_test_segm_map,0.1280479282140731,pastis_4313,32d0c674a3d6441b9cf0c6fea0cab306,FINISHED,4313,514820428842584591,final_object_detection_terramind_v1_large,0,8,5.2730296596573885e-05,mask-rcnn,terramind_v1_large,,4,default,100,Fixed,0.01,100%,full_ft
pastis_r,test_test_segm_map,0.1275206357240677,pastis_2125,67a62400fdba4d16ae11d7d6c40eda2f,FINISHED,2125,514820428842584591,final_object_detection_terramind_v1_large,0,8,5.2730296596573885e-05,mask-rcnn,terramind_v1_large,,4,default,100,Fixed,0.01,100%,full_ft
pastis_r,test_test_segm_map,0.1302018165588379,pastis_3576,fcff661e40d5465e9ea336968d594257,FINISHED,3576,514820428842584591,final_object_detection_terramind_v1_large,0,8,5.2730296596573885e-05,mask-rcnn,terramind_v1_large,,4,default,100,Fixed,0.01,100%,full_ft
pastis_r,test_test_segm_map,0.1362016499042511,pastis_1673,7f19707882684f55b36798dfb5f67023,FINISHED,1673,514820428842584591,final_object_detection_terramind_v1_large,0,8,5.2730296596573885e-05,mask-rcnn,terramind_v1_large,,4,default,100,Fixed,0.01,100%,full_ft
pastis_r,test_test_segm_map,0.126174196600914,pastis_1678,2c172aa30a9a4e9a8e09d80596e32eb8,FINISHED,1678,514820428842584591,final_object_detection_terramind_v1_large,0,8,5.2730296596573885e-05,mask-rcnn,terramind_v1_large,,4,default,100,Fixed,0.01,100%,full_ft
substation,test_test_segm_map,0.1580913513898849,substation_4764,f6fb3a1bc126438ab82ffec06d89c024,FINISHED,4764,514820428842584591,final_object_detection_terramind_v1_large,0,8,3.394085192664972e-05,mask-rcnn,terramind_v1_large,,10,default,100,Fixed,0.01,100%,full_ft
substation,test_test_segm_map,0.1446995437145233,substation_1138,6e0e3224732341779ca67e34aeda5b0a,FINISHED,1138,514820428842584591,final_object_detection_terramind_v1_large,0,8,3.394085192664972e-05,mask-rcnn,terramind_v1_large,,10,default,100,Fixed,0.01,100%,full_ft
substation,test_test_segm_map,0.1584698110818863,substation_1805,7f4f18d42461450693ea592ea630c97f,FINISHED,1805,514820428842584591,final_object_detection_terramind_v1_large,0,8,3.394085192664972e-05,mask-rcnn,terramind_v1_large,,10,default,100,Fixed,0.01,100%,full_ft
substation,test_test_segm_map,0.1500434279441833,substation_4921,3f49d728a57c482e8bb9f59c25b5b10c,FINISHED,4921,514820428842584591,final_object_detection_terramind_v1_large,0,8,3.394085192664972e-05,mask-rcnn,terramind_v1_large,,10,default,100,Fixed,0.01,100%,full_ft
substation,test_test_segm_map,0.1528779715299606,substation_1801,93ceb5f36f2644b0a4094fcf3bddbec6,FINISHED,1801,514820428842584591,final_object_detection_terramind_v1_large,0,8,3.394085192664972e-05,mask-rcnn,terramind_v1_large,,10,default,100,Fixed,0.01,100%,full_ft
everwatch,test_test_map,0.2631446421146393,everwatch_1829,3e9944e718034dcaa18fe5d32822bbdc,FINISHED,1829,605357125122862239,final_object_detection_clay_v1_base,0,8,7.652701145321595e-05,faster-rcnn,clay_v1_base,,10,default,100,Fixed,0.01,100%,full_ft
everwatch,test_test_map,0.2578109502792358,everwatch_2007,dd5562d2693849f3b603df50366981ea,FINISHED,2007,605357125122862239,final_object_detection_clay_v1_base,0,8,7.652701145321595e-05,faster-rcnn,clay_v1_base,,10,default,100,Fixed,0.01,100%,full_ft
everwatch,test_test_map,0.2597305476665497,everwatch_2254,6523f9dac5864b999dce1077947bafc4,FINISHED,2254,605357125122862239,final_object_detection_clay_v1_base,0,8,7.652701145321595e-05,faster-rcnn,clay_v1_base,,10,default,100,Fixed,0.01,100%,full_ft
everwatch,test_test_map,0.2562801539897918,everwatch_205,ba802c3c038b428f8c07c4486347a50e,FINISHED,205,605357125122862239,final_object_detection_clay_v1_base,0,8,7.652701145321595e-05,faster-rcnn,clay_v1_base,,10,default,100,Fixed,0.01,100%,full_ft
everwatch,test_test_map,0.263173758983612,everwatch_913,5a55f1a6fc9340c890341e77583d976b,FINISHED,913,605357125122862239,final_object_detection_clay_v1_base,0,8,7.652701145321595e-05,faster-rcnn,clay_v1_base,,10,default,100,Fixed,0.01,100%,full_ft
nzcattle,test_test_map,0.3433267176151275,nzcattle_2878,cc9b58c831554391830ef770464d21a1,FINISHED,2878,605357125122862239,final_object_detection_clay_v1_base,0,8,3.675848053411779e-05,faster-rcnn,clay_v1_base,,10,default,100,Fixed,0.01,100%,full_ft
nzcattle,test_test_map,0.3414545059204101,nzcattle_2088,c80129ed5b1540688ff3a0de0d0e423d,FINISHED,2088,605357125122862239,final_object_detection_clay_v1_base,0,8,3.675848053411779e-05,faster-rcnn,clay_v1_base,,10,default,100,Fixed,0.01,100%,full_ft
nzcattle,test_test_map,0.3471623063087463,nzcattle_1420,17ca9f9a108d4fba8d2c9dd7774e4c35,FINISHED,1420,605357125122862239,final_object_detection_clay_v1_base,0,8,3.675848053411779e-05,faster-rcnn,clay_v1_base,,10,default,100,Fixed,0.01,100%,full_ft
nzcattle,test_test_map,0.3390698134899139,nzcattle_1316,10862f77a83f4272bdeddcdcde84fa64,FINISHED,1316,605357125122862239,final_object_detection_clay_v1_base,0,8,3.675848053411779e-05,faster-rcnn,clay_v1_base,,10,default,100,Fixed,0.01,100%,full_ft
nzcattle,test_test_map,0.3334003686904907,nzcattle_2898,f78d430daf7d4e198f3a40872d762bf4,FINISHED,2898,605357125122862239,final_object_detection_clay_v1_base,0,8,3.675848053411779e-05,faster-rcnn,clay_v1_base,,10,default,100,Fixed,0.01,100%,full_ft
pastis_r,test_test_segm_map,0.1573373824357986,pastis_4287,6989719382474e31b7cd41827593983e,FINISHED,4287,605357125122862239,final_object_detection_clay_v1_base,0,8,0.000295799043128,mask-rcnn,clay_v1_base,,10,default,100,Fixed,0.01,100%,full_ft
pastis_r,test_test_segm_map,0.1556365340948104,pastis_2044,acf176fbb38d41f5836dffd09221f78e,FINISHED,2044,605357125122862239,final_object_detection_clay_v1_base,0,8,0.000295799043128,mask-rcnn,clay_v1_base,,10,default,100,Fixed,0.01,100%,full_ft
pastis_r,test_test_segm_map,0.1638926863670349,pastis_3626,e64ed324953245d9814fda1785f070cf,FINISHED,3626,605357125122862239,final_object_detection_clay_v1_base,0,8,0.000295799043128,mask-rcnn,clay_v1_base,,10,default,100,Fixed,0.01,100%,full_ft
pastis_r,test_test_segm_map,0.1620885282754898,pastis_2880,128c077ccba54d06b53bd53d08bc16f3,FINISHED,2880,605357125122862239,final_object_detection_clay_v1_base,0,8,0.000295799043128,mask-rcnn,clay_v1_base,,10,default,100,Fixed,0.01,100%,full_ft
pastis_r,test_test_segm_map,0.1555455029010772,pastis_1271,c81a2e84028c4bddae00e00cf60bf829,FINISHED,1271,605357125122862239,final_object_detection_clay_v1_base,0,8,0.000295799043128,mask-rcnn,clay_v1_base,,10,default,100,Fixed,0.01,100%,full_ft
substation,test_test_segm_map,0.198972001671791,substation_2899,2c2276e170c045ae90d8c0440f68fcfe,FINISHED,2899,605357125122862239,final_object_detection_clay_v1_base,0,8,4.9702442981039857e-05,mask-rcnn,clay_v1_base,,6,default,100,Fixed,0.01,100%,full_ft
substation,test_test_segm_map,0.1973665207624435,substation_1837,f930c9445ebf466c889344896f9ad3d4,FINISHED,1837,605357125122862239,final_object_detection_clay_v1_base,0,8,4.9702442981039857e-05,mask-rcnn,clay_v1_base,,6,default,100,Fixed,0.01,100%,full_ft
substation,test_test_segm_map,0.19160096347332,substation_2583,30832073123e4f18bd051cac5fbc513a,FINISHED,2583,605357125122862239,final_object_detection_clay_v1_base,0,8,4.9702442981039857e-05,mask-rcnn,clay_v1_base,,6,default,100,Fixed,0.01,100%,full_ft
substation,test_test_segm_map,0.1949329674243927,substation_4485,de389f4138c04a37a770a63c036f2094,FINISHED,4485,605357125122862239,final_object_detection_clay_v1_base,0,8,4.9702442981039857e-05,mask-rcnn,clay_v1_base,,6,default,100,Fixed,0.01,100%,full_ft
substation,test_test_segm_map,0.1865809261798858,substation_3778,361b1d2a4fc243c1868a4f7cf7761c29,FINISHED,3778,605357125122862239,final_object_detection_clay_v1_base,0,8,4.9702442981039857e-05,mask-rcnn,clay_v1_base,,6,default,100,Fixed,0.01,100%,full_ft
everwatch,test_test_map,0.2216494381427765,everwatch_664,8d1e47f96e634f42979e464052cdfbce,FINISHED,664,735470102071628624,final_object_detection_dofa_large_patch16_224,0,8,1.5772858997826887e-05,faster-rcnn,dofa_large_patch16_224,,10,default,100,Fixed,0.01,100%,full_ft
everwatch,test_test_map,0.2342153042554855,everwatch_2007,8df959ba52f44fa69865555170eaa59a,FINISHED,2007,735470102071628624,final_object_detection_dofa_large_patch16_224,0,8,1.5772858997826887e-05,faster-rcnn,dofa_large_patch16_224,,10,default,100,Fixed,0.01,100%,full_ft
everwatch,test_test_map,0.2346295565366745,everwatch_2254,25052567b1b5439bb8b327a090967a4c,FINISHED,2254,735470102071628624,final_object_detection_dofa_large_patch16_224,0,8,1.5772858997826887e-05,faster-rcnn,dofa_large_patch16_224,,10,default,100,Fixed,0.01,100%,full_ft
everwatch,test_test_map,0.2428609728813171,everwatch_205,d2c28bfc9f59487480ed8a4bdf0a2e73,FINISHED,205,735470102071628624,final_object_detection_dofa_large_patch16_224,0,8,1.5772858997826887e-05,faster-rcnn,dofa_large_patch16_224,,10,default,100,Fixed,0.01,100%,full_ft
everwatch,test_test_map,0.2463185787200927,everwatch_913,f8a4dbc6da5b49deac6c79fc5252c6d0,FINISHED,913,735470102071628624,final_object_detection_dofa_large_patch16_224,0,8,1.5772858997826887e-05,faster-rcnn,dofa_large_patch16_224,,10,default,100,Fixed,0.01,100%,full_ft
nzcattle,test_test_map,0.3440934121608734,nzcattle_3375,3c78817882634a348e0b976417312b13,FINISHED,3375,735470102071628624,final_object_detection_dofa_large_patch16_224,0,8,3.682421948556654e-05,faster-rcnn,dofa_large_patch16_224,,10,default,100,Fixed,0.01,100%,full_ft
nzcattle,test_test_map,0.3322223424911499,nzcattle_1120,5243544454c4457687bdf7ca5340837a,FINISHED,1120,735470102071628624,final_object_detection_dofa_large_patch16_224,0,8,3.682421948556654e-05,faster-rcnn,dofa_large_patch16_224,,10,default,100,Fixed,0.01,100%,full_ft
nzcattle,test_test_map,0.3285744786262512,nzcattle_4742,c080c1aa72a04602b1d821fe53b26fe2,FINISHED,4742,735470102071628624,final_object_detection_dofa_large_patch16_224,0,8,3.682421948556654e-05,faster-rcnn,dofa_large_patch16_224,,10,default,100,Fixed,0.01,100%,full_ft
nzcattle,test_test_map,0.3344000875949859,nzcattle_3847,68ee59823ac9428db537b49b575bc489,FINISHED,3847,735470102071628624,final_object_detection_dofa_large_patch16_224,0,8,3.682421948556654e-05,faster-rcnn,dofa_large_patch16_224,,10,default,100,Fixed,0.01,100%,full_ft
nzcattle,test_test_map,0.337315559387207,nzcattle_4215,4e5fa5a126044620b07a59096d620b5d,FINISHED,4215,735470102071628624,final_object_detection_dofa_large_patch16_224,0,8,3.682421948556654e-05,faster-rcnn,dofa_large_patch16_224,,10,default,100,Fixed,0.01,100%,full_ft
pastis_r,test_test_segm_map,0.1026935577392578,pastis_885,88c0de7d9ee848f29a28c4bde131b71e,FINISHED,885,735470102071628624,final_object_detection_dofa_large_patch16_224,0,8,0.0001740641909195,mask-rcnn,dofa_large_patch16_224,,10,default,100,Fixed,0.01,100%,full_ft
pastis_r,test_test_segm_map,0.0998783111572265,pastis_4188,67e76b5416974309846e9708fcf355bf,FINISHED,4188,735470102071628624,final_object_detection_dofa_large_patch16_224,0,8,0.0001740641909195,mask-rcnn,dofa_large_patch16_224,,10,default,100,Fixed,0.01,100%,full_ft
pastis_r,test_test_segm_map,0.1050681769847869,pastis_4067,b25cadfd6b7a48f886c48914d0a45f22,FINISHED,4067,735470102071628624,final_object_detection_dofa_large_patch16_224,0,8,0.0001740641909195,mask-rcnn,dofa_large_patch16_224,,10,default,100,Fixed,0.01,100%,full_ft
pastis_r,test_test_segm_map,0.1043741926550865,pastis_2609,06f19abc035d40da883c8b4087771b22,FINISHED,2609,735470102071628624,final_object_detection_dofa_large_patch16_224,0,8,0.0001740641909195,mask-rcnn,dofa_large_patch16_224,,10,default,100,Fixed,0.01,100%,full_ft
pastis_r,test_test_segm_map,0.1034035980701446,pastis_2098,2467fdaf645a45a98df442d2d6d1ccfe,FINISHED,2098,735470102071628624,final_object_detection_dofa_large_patch16_224,0,8,0.0001740641909195,mask-rcnn,dofa_large_patch16_224,,10,default,100,Fixed,0.01,100%,full_ft
substation,test_test_segm_map,0.1499142944812774,substation_3512,ec22279f62444ba1848325643a2d34ff,FINISHED,3512,735470102071628624,final_object_detection_dofa_large_patch16_224,0,8,2.7770838121582783e-05,mask-rcnn,dofa_large_patch16_224,,10,default,100,Fixed,0.01,100%,full_ft
substation,test_test_segm_map,0.1436789482831955,substation_2416,c4e30467f8da4cef859d32a5da79492c,FINISHED,2416,735470102071628624,final_object_detection_dofa_large_patch16_224,0,8,2.7770838121582783e-05,mask-rcnn,dofa_large_patch16_224,,10,default,100,Fixed,0.01,100%,full_ft
substation,test_test_segm_map,0.1456765234470367,substation_407,f05798af79c74a119dafda7600051afc,FINISHED,407,735470102071628624,final_object_detection_dofa_large_patch16_224,0,8,2.7770838121582783e-05,mask-rcnn,dofa_large_patch16_224,,10,default,100,Fixed,0.01,100%,full_ft
substation,test_test_segm_map,0.1477409899234771,substation_3559,4155d7a698ea4b8daa23b6b6de0c21a1,FINISHED,3559,735470102071628624,final_object_detection_dofa_large_patch16_224,0,8,2.7770838121582783e-05,mask-rcnn,dofa_large_patch16_224,,10,default,100,Fixed,0.01,100%,full_ft
substation,test_test_segm_map,0.1337875574827194,substation_3022,8511a4e01ee145cca3f19167b550276c,FINISHED,3022,735470102071628624,final_object_detection_dofa_large_patch16_224,0,8,2.7770838121582783e-05,mask-rcnn,dofa_large_patch16_224,,10,default,100,Fixed,0.01,100%,full_ft
